vendor,city,scene_l1,scene_l2,operator,test_distance_km,test_duration_h,avg_speed_kmh,x1_平均RSRP,x1_平均SINR,x1_覆盖率1,x1_覆盖率2,y1_应用层下行平均吞吐率,y1_应用层下行前10%峰值速率,y1_下行速率达标率,y1_FTP下载尝试次数,y1_FTP下载成功次数,y1_FTP下载掉线次数,y1_FTP下载掉线率,z1_应用层上行平均吞吐率,z1_应用层上行前10%峰值速率,z1_上行速率达标率,z1_FTP上传尝试次数,z1_FTP上传成功次数,z1_FTP上传掉线次数,z1_FTP上传掉线率,x2_平均RSRP,x2_平均SINR,x2_覆盖率1,x2_覆盖率2,y2_应用层下行平均吞吐率,y2_应用层下行前10%峰值速率,y2_下行速率达标率,y2_FTP下载尝试次数,y2_FTP下载成功次数,y2_FTP下载掉线次数,y2_FTP下载掉线率,z2_应用层上行平均吞吐率,z2_应用层上行前10%峰值率,z2_应用层上行速率达标率,z2_FTP上传尝试次数,z2_FTP上传成功次数,z2_FTP上传掉线次数,z2_FTP上传掉线率
7715b7194cb0b2308630075510656066,H,定点,咖啡厅,电信,,0.243,,-107.011429064947,5.24335513588208,0.165131275909719,0.884615384615385,6.46291530944625,8.297,0.931596091205212,10,10,0,0.0,3.82808333333333,5.395,0.993333333333333,10,10,0,0.0,,,,,,,,,,,,,,,,,,
7715b7194cb0b2308630075510656066,H,定点,咖啡厅,联通,,0.243,,-104.704057621671,7.29970110192837,0.517906336088154,0.997474747474748,6.49645695364238,8.178,0.960264900662252,10,10,0,0.0,3.85392666666667,5.4639997,0.993333333333333,10,10,0,0.0,,,,,,,,,,,,,,,,,,
7715b7194cb0b2308630075510656066,G,驶测,骑行道,移动,2.785,0.674,4.13204747774481,-103.569882226981,3.006933875803,0.520942184154176,0.571220556745182,5.73684729064039,8.712,0.758620689655172,20,20,0,0.0,2.18129262086514,5.402,0.568702290076336,26,26,0,0.0,-103.770787709497,2.94550279329609,0.536312849162011,0.575418994413408,5.65608163265306,8.535,0.795918367346939,20.0,20.0,0.0,0.0,2.04102941176471,5.025,0.602941176470588,26.0,26.0,0.0,0.0
7715b7194cb0b2308630075510656066,H,定点,咖啡厅,移动,,0.243,,-101.286661743687,7.61355478799428,0.863744640304907,0.918532634587899,4.89634210526316,7.268,0.940789473684211,10,10,0,0.0,3.27151324503311,5.626,0.811258278145695,10,10,0,0.0,,,,,,,,,,,,,,,,,,
61f672c7283626788223681647752079,J,定点,停车场,电信,,0.486027777777778,,-98.1701789876218,-0.760863921272442,0.489089019743679,0.489319939960744,6.00543417037037,7.84315,0.988888888888889,10,9,1,0.111111111111111,3.57970383,5.44545,0.96,10,10,0,0.0,,,,,,,,,,,,,,,,,,
61f672c7283626788223681647752079,E,定点,咖啡厅,移动,,0.395305555555556,,-97.0988929118388,14.6262281150878,1.0,1.0,5.16102440468227,6.45569,0.989966555183946,10,10,0,0.0,0.79907347,0.984024,0.96,10,10,0,0.0,,,,,,,,,,,,,,,,,,
7715b7194cb0b2308630075510656066,A,定点,停车场,电信,,0.245,,-96.8137614849188,-2.26375870069606,0.735266821345708,0.735266821345708,6.95922875816993,9.305,0.970588235294118,10,10,0,0.0,4.44568333333333,5.254,1.0,10,10,0,0.0,,,,,,,,,,,,,,,,,,
61f672c7283626788223681647752079,J,定点,补给站,联通,,0.436072222222222,,-96.7030559400263,-0.724243953527914,0.78505880832364,0.78505880832364,4.68857235333333,7.39491,0.843333333333333,10,10,0,0.0,2.93109903666667,4.45328,0.953333333333333,10,10,0,0.0,,,,,,,,,,,,,,,,,,
61f672c7283626788223681647752079,J,定点,停车场,联通,,0.486216666666667,,-96.5569218946332,0.836265639096813,0.587590389549802,0.587590389549802,5.88689567333333,7.71531,0.97,10,10,0,0.0,3.5233069,5.08946,0.99,10,10,0,0.0,,,,,,,,,,,,,,,,,,
61f672c7283626788223681647752079,J,定点,停车场,移动,,0.486391666666667,,-95.6315309108701,-2.88703350802083,0.497199039670744,0.497199039670744,9.58033293,10.0364,1.0,10,10,0,0.0,4.68977191111111,6.10442,1.0,10,10,0,0.0,,,,,,,,,,,,,,,,,,
61f672c7283626788223681647752079,I,定点,停车场,电信,,0.402002777777778,,-95.0968749768452,-0.101785234710338,0.888069051928164,0.888069051928164,7.49020954333333,9.45235,1.0,10,10,0,0.0,4.95767395333333,7.66467,0.996666666666667,10,10,0,0.0,,,,,,,,,,,,,,,,,,
61f672c7283626788223681647752079,J,定点,咖啡厅,移动,,0.436691666666667,,-94.4625654285307,15.1833398064946,0.987834549878346,0.996158278908951,6.37963145333333,7.87784,1.0,10,10,0,0.0,1.8518178,4.47552,0.793333333333333,10,10,0,0.0,,,,,,,,,,,,,,,,,,
7715b7194cb0b2308630075510656066,B,定点,咖啡厅,电信,,0.24,,-94.3418519572954,-7.14557580071174,0.0,0.0,2.82614332247557,5.479,0.641693811074919,10,10,0,0.0,4.48569333333333,5.5299997,1.0,10,10,0,0.0,,,,,,,,,,,,,,,,,,
7715b7194cb0b2308630075510656066,F,定点,咖啡厅,移动,,0.267,,-94.2905292769327,14.1390279224839,1.0,1.0,6.05512745098039,6.615,0.996732026143791,10,10,0,0.0,0.720282467532468,2.526,0.409090909090909,10,10,0,0.0,,,,,,,,,,,,,,,,,,
7715b7194cb0b2308630075510656066,F,定点,停车场,移动,,0.246,,-92.3084245860739,13.4760149693808,1.0,1.0,5.77524590163934,6.382,0.99672131147541,10,10,0,0.0,0.931244224422442,2.601,0.462046204620462,10,10,0,0.0,,,,,,,,,,,,,,,,,,
7715b7194cb0b2308630075510656066,F,定点,补给站,移动,,0.242,,-92.1209646139706,3.59755974264706,1.0,1.0,4.29029836065574,4.474,0.99016393442623,10,10,0,0.0,0.965039344262295,1.556,0.809836065573771,10,10,0,0.0,,,,,,,,,,,,,,,,,,
61f672c7283626788223681647752079,I,定点,停车场,联通,,0.402166666666667,,-91.9256835202265,1.00219883461696,0.936731843575419,0.936731843575419,8.00027811,9.75679,1.0,10,10,0,0.0,4.47744701,5.97837,1.0,10,10,0,0.0,,,,,,,,,,,,,,,,,,
61f672c7283626788223681647752079,J,定点,咖啡厅,联通,,0.436494444444444,,-91.8736710317174,18.1797256462444,1.0,1.0,8.53513267333333,8.77806,1.0,10,10,0,0.0,3.65191060333333,5.12,1.0,10,10,0,0.0,,,,,,,,,,,,,,,,,,
7715b7194cb0b2308630075510656066,A,定点,停车场,移动,,0.26,,-91.6838789575705,11.2914602627611,1.0,1.0,5.6768125,5.9049997,0.993421052631579,10,10,0,0.0,0.871407284768212,2.555,0.456953642384106,10,10,0,0.0,,,,,,,,,,,,,,,,,,
61f672c7283626788223681647752079,J,定点,咖啡厅,电信,,0.436333333333333,,-91.3726607740085,9.08861142846068,1.0,1.0,7.89236921666667,8.64303,1.0,10,10,0,0.0,4.49707390333333,6.0198,0.996666666666667,10,10,0,0.0,,,,,,,,,,,,,,,,,,
7715b7194cb0b2308630075510656066,A,定点,咖啡厅,电信,,0.245,,-91.328715179606,2.99390428736964,0.952491309385863,0.952491309385863,7.9377582781457,9.863,0.983443708609272,10,10,0,0.0,4.39054,5.396,1.0,10,10,0,0.0,,,,,,,,,,,,,,,,,,
61f672c7283626788223681647752079,J,定点,停车场,联通,,0.441641666666667,,-91.1404505012131,2.58517630716236,0.923319858514401,0.923319858514401,7.12065970333333,8.57113,0.996666666666667,10,10,0,0.0,4.05864299333333,5.4509,0.996666666666667,10,10,0,0.0,,,,,,,,,,,,,,,,,,
7715b7194cb0b2308630075510656066,B,定点,咖啡厅,联通,,0.24,,-90.799466387532,-6.47378436845778,0.00372179576645732,0.00372179576645732,2.40727960526316,6.515,0.3125,10,10,0,0.0,3.76077814569536,5.505,0.993377483443708,10,10,0,0.0,,,,,,,,,,,,,,,,,,
61f672c7283626788223681647752079,E,驶测,步行道,移动,1.66221134400368,0.349313888888889,4.75850344597206,-90.4304784327513,15.5710655520864,0.851745576279292,0.930974015622509,6.74280725185185,8.72853,1.0,9,9,0,0.0,1.72931169090909,4.16542,0.963636363636364,10,10,0,0.0,-91.5291809382841,14.8458496066515,0.858974358974359,0.935897435897436,6.7227379648322,8.672705,1.0,9.0,9.0,0.0,0.0,1.8335377132495,4.1254978,0.961538461538462,10.0,10.0,0.0,0.0
61f672c7283626788223681647752079,C,定点,停车场,联通,,0.38175,,-90.3552678748444,11.3896817843026,0.999271561771562,0.999271561771562,8.45457587333333,8.82717,1.0,10,10,0,0.0,4.52212661,6.02577,0.996666666666667,10,10,0,0.0,,,,,,,,,,,,,,,,,,
7715b7194cb0b2308630075510656066,A,定点,停车场,联通,,0.245,,-90.3001373857178,-0.908030639980232,0.853965900667161,0.853965900667161,2.44686274509804,5.136,0.486928104575163,10,10,0,0.0,4.42082333333333,5.296,0.996666666666667,10,10,0,0.0,,,,,,,,,,,,,,,,,,
7715b7194cb0b2308630075510656066,F,驶测,骑行道,联通,3.814,0.409,9.32518337408313,-90.0557313800657,1.07753970427163,0.744660460021906,0.744660460021906,7.30303646833013,8.904,0.982725527831094,17,17,0,0.0,4.4860939334638,5.8059998,0.978473581213307,17,17,0,0.0,-89.2738177777778,1.40203555555556,0.764444444444444,0.764444444444444,7.31971621621622,8.946,1.0,17.0,17.0,0.0,0.0,4.50313253012048,5.3190002,0.987951807228916,17.0,17.0,0.0,0.0
7715b7194cb0b2308630075510656066,A,驶测,步行道,电信,6.101,0.576,10.5920138888889,-89.7894586965135,6.22792244453249,0.889064976228209,0.924029318541997,8.33271038251366,9.87,0.976775956284153,24,24,0,0.0,4.16559084604716,5.663,0.943134535367545,24,24,0,0.0,-91.3935730027548,6.22360330578512,0.889807162534435,0.942148760330578,8.330912,9.775,0.992,24.0,24.0,0.0,0.0,4.17578461538462,5.255,1.0,24.0,24.0,0.0,0.0
7715b7194cb0b2308630075510656066,H,定点,补给站,联通,,0.24,,-89.4341128205128,6.67857855477855,0.997435897435898,0.997435897435898,7.83223355263158,8.436,1.0,10,10,0,0.0,4.85985714285714,5.794,1.0,10,10,0,0.0,,,,,,,,,,,,,,,,,,
7715b7194cb0b2308630075510656066,B,定点,停车场,电信,,0.237,,-89.3355646437995,13.6512353082274,0.998800671623891,0.998800671623891,8.45711221122112,9.711,0.996699669966997,10,10,0,0.0,4.82817666666667,5.897,0.996666666666667,10,10,0,0.0,,,,,,,,,,,,,,,,,,
7715b7194cb0b2308630075510656066,F,驶测,骑行道,电信,3.814,0.409,9.32518337408313,-89.2810361782372,1.21845201843833,0.747031708339154,0.747031708339154,5.70974590163934,9.744,0.795081967213115,16,16,0,0.0,4.4214375,5.769,0.979166666666667,16,16,0,0.0,-89.04684,0.969742222222222,0.733333333333333,0.733333333333333,5.32250666666667,9.56,0.8,16.0,16.0,0.0,0.0,4.32085074626866,5.225,0.970149253731343,16.0,16.0,0.0,0.0
61f672c7283626788223681647752079,D,定点,咖啡厅,移动,,0.384169444444444,,-88.7966501231824,6.54809798041031,1.0,1.0,8.80692297666667,9.78222,1.0,10,10,0,0.0,3.81649730333333,4.84837,1.0,10,10,0,0.0,,,,,,,,,,,,,,,,,,
61f672c7283626788223681647752079,J,定点,停车场,移动,,0.441777777777778,,-88.4574275937756,13.498984579908,1.0,1.0,6.37697784333333,7.26403,0.983333333333333,10,10,0,0.0,0.736722378737541,1.27745,0.651162790697674,10,10,0,0.0,,,,,,,,,,,,,,,,,,
61f672c7283626788223681647752079,C,驶测,骑行道,联通,2.17412685996294,0.0,,-88.161273315308,4.33959919328256,0.93306747143781,0.937270963569735,7.06836240609137,8.74752,0.928934010152284,14,14,0,0.0,4.21598298809524,5.43457,0.997619047619048,14,14,0,0.0,-87.9158898058526,4.20593880928152,0.978723404255319,0.978723404255319,6.79026156352026,8.5156735,0.941176470588235,14.0,14.0,0.0,0.0,4.33106789329813,4.969939,1.0,14.0,14.0,0.0,0.0
61f672c7283626788223681647752079,J,定点,补给站,电信,,0.435916666666667,,-88.1303796904846,1.59493599405762,0.792604912998977,0.792604912998977,6.01749229333333,7.96661,0.95,10,10,0,0.0,4.04706324666667,5.76577,0.97,10,10,0,0.0,,,,,,,,,,,,,,,,,,
61f672c7283626788223681647752079,C,定点,停车场,电信,,0.381588888888889,,-88.125363220001,4.12576156802787,0.999561979851073,0.999561979851073,8.10728833666667,9.8627,1.0,10,10,0,0.0,4.73292467666667,5.13026,1.0,10,10,0,0.0,,,,,,,,,,,,,,,,,,
7715b7194cb0b2308630075510656066,A,驶测,步行道,联通,6.101,0.576,10.5920138888889,-87.9040009940358,4.81358876739563,0.858548707753479,0.865407554671968,7.52575,9.789,0.937125748502994,22,22,0,0.0,3.73673793103448,5.706,0.856551724137931,24,24,0,0.0,-89.0253966942149,5.19866666666667,0.881542699724518,0.887052341597796,7.45457522123894,9.681,0.929203539823009,22.0,22.0,0.0,0.0,3.67750387596899,5.089,0.930232558139535,24.0,24.0,0.0,0.0
61f672c7283626788223681647752079,C,定点,补给站,联通,,0.375002777777778,,-87.8773031309633,11.0296915538012,1.0,1.0,9.48210426666667,11.3523,1.0,10,10,0,0.0,4.75313959666667,6.08,0.996666666666667,10,10,0,0.0,,,,,,,,,,,,,,,,,,
61f672c7283626788223681647752079,E,驶测,骑行道,移动,2.14353608834744,0.539680555555555,3.97186088377938,-87.8348434495581,6.00556282307755,0.892140641158221,0.893795243019648,7.12793543571429,8.76009,0.976190476190476,14,14,0,0.0,3.10227758666667,4.23267,0.991111111111111,15,15,0,0.0,-88.4847391078126,6.20290444980325,0.922222222222222,0.922222222222222,7.16146095403474,8.51845,1.0,14.0,14.0,0.0,0.0,3.07483344862808,4.154196,1.0,15.0,15.0,0.0,0.0
61f672c7283626788223681647752079,C,驶测,步行道,电信,2.1691858626008,0.504805555555556,4.29707208791223,-87.760752106889,11.9033893357004,0.98513543272407,0.993063201937899,8.23057488516746,9.94485,0.997607655502392,14,14,0,0.0,4.37930034615385,5.12,1.0,13,13,0,0.0,-87.0898721709586,12.2157407742518,1.0,1.0,8.40643629354275,9.51294164705882,1.0,14.0,14.0,0.0,0.0,4.4569259435393,4.91528216666667,1.0,13.0,13.0,0.0,0.0
7715b7194cb0b2308630075510656066,H,定点,补给站,电信,,0.24,,-87.6395998138669,9.58245649139135,0.988832014890647,0.988832014890647,7.50473202614379,8.133,1.0,10,10,0,0.0,4.52844816053512,5.654,1.0,10,10,0,0.0,,,,,,,,,,,,,,,,,,
61f672c7283626788223681647752079,E,驶测,步行道,电信,1.66221134400368,0.348975,4.76312441866517,-87.5378459950571,14.4504550818747,0.952457179446134,0.996798463262366,9.10939274860335,10.431,1.0,9,6,0,0.0,4.46830563809524,5.13541,1.0,9,7,2,0.285714285714286,-87.8713458594078,14.3974534479961,0.974358974358974,1.0,9.05852157689169,10.0473575,1.0,9.0,6.0,0.0,0.0,4.41369993602395,5.0195319375,1.0,9.0,7.0,2.0,0.285714285714286
7715b7194cb0b2308630075510656066,F,驶测,骑行道,联通,2.445,0.277,8.82671480144404,-87.4324845173042,2.10541408621736,0.813195709370573,0.813195709370573,7.83360579710145,9.661,0.979710144927536,12,11,0,0.0,4.09739226519337,5.932,0.919889502762431,12,12,0,0.0,-89.8708104575163,0.582137254901961,0.810457516339869,0.810457516339869,7.36823076923077,9.371,1.0,12.0,11.0,0.0,0.0,3.7845593220339,5.367,0.932203389830508,12.0,12.0,0.0,0.0
61f672c7283626788223681647752079,E,定点,停车场,移动,,0.377886111111111,,-87.2707697015298,0.555528406759053,0.959839952578542,0.959839952578542,6.5252991,7.9006,0.99,10,10,0,0.0,2.83074655666667,3.72084,0.996666666666667,10,10,0,0.0,,,,,,,,,,,,,,,,,,
61f672c7283626788223681647752079,E,定点,停车场,移动,,0.384916666666667,,-87.0556168549301,3.08833836479887,0.974340388518411,0.993476369962308,6.75570572666667,8.63328,0.986666666666667,10,10,0,0.0,3.08441380333333,4.49799,0.916666666666667,10,10,0,0.0,,,,,,,,,,,,,,,,,,
61f672c7283626788223681647752079,J,定点,停车场,电信,,0.441458333333333,,-86.9483582858547,6.95748105680487,0.999370673379484,0.999370673379484,8.25082837666667,8.66851,1.0,10,10,0,0.0,4.68532986333333,6.09218,1.0,10,10,0,0.0,,,,,,,,,,,,,,,,,,
61f672c7283626788223681647752079,C,驶测,骑行道,电信,2.17256402724981,0.0,,-86.611133008884,4.04596998043184,0.939579967689822,0.939687668282176,2.83299570883055,6.33063,0.536992840095465,14,14,0,0.0,3.72173724871795,4.81444,1.0,13,13,0,0.0,-86.4525634940429,3.66569072094518,0.98936170212766,0.98936170212766,2.89691254579968,5.57408055555556,0.53125,14.0,14.0,0.0,0.0,3.79492781428664,4.611816,1.0,13.0,13.0,0.0,0.0
7715b7194cb0b2308630075510656066,G,定点,咖啡厅,电信,,0.237,,-86.5680124461465,13.1294626615606,1.0,1.0,9.16028712871287,9.545,0.996699669966997,10,10,0,0.0,4.93750666666667,5.889,1.0,10,10,0,0.0,,,,,,,,,,,,,,,,,,
61f672c7283626788223681647752079,C,定点,停车场,移动,,0.381919444444444,,-86.4126937659531,9.4868270048014,0.99504806291873,0.99504806291873,5.81477572333333,8.08552,1.0,10,10,0,0.0,2.86732312,5.14056,0.873333333333333,10,10,0,0.0,,,,,,,,,,,,,,,,,,
61f672c7283626788223681647752079,D,定点,咖啡厅,电信,,0.383805555555556,,-86.0854409423084,5.89707009889014,1.0,1.0,8.58306846,9.88669,1.0,10,10,0,0.0,4.20899195364238,5.76577,0.993377483443709,11,11,0,0.0,,,,,,,,,,,,,,,,,,
61f672c7283626788223681647752079,E,驶测,骑行道,联通,2.14353608834744,0.5395,3.97319015449015,-86.0505572512783,9.83216576934526,0.887905911740216,0.93161948376353,7.16972557069409,10.0966,0.961439588688946,14,13,1,0.0769230769230769,4.26689519555556,5.43457,0.993333333333333,15,15,0,0.0,-85.5332781718694,10.3518722348517,0.9,0.966666666666667,7.35975864290338,9.95844615789474,1.0,14.0,13.0,1.0,0.0769230769230769,4.16067427163877,4.893968,1.0,15.0,15.0,0.0,0.0
7715b7194cb0b2308630075510656066,H,驶测,骑行道,联通,2.577,0.547,4.71115173674589,-85.8165299700815,7.18597420819148,0.937171154441349,0.937274321675436,7.61746372688478,8.861,0.995732574679943,23,23,0,0.0,4.55114884393064,5.728,0.984104046242775,23,23,0,0.0,-86.2953452380952,7.08633928571429,0.952380952380952,0.952380952380952,7.56830158730159,8.728,1.0,23.0,23.0,0.0,0.0,4.59021538461538,5.182,1.0,23.0,23.0,0.0,0.0
61f672c7283626788223681647752079,C,定点,补给站,电信,,0.374825,,-85.8151989859641,13.3876852369294,1.0,1.0,9.45897475585284,11.3031,1.0,10,10,0,0.0,4.63173664,6.06181,0.996666666666667,10,10,0,0.0,,,,,,,,,,,,,,,,,,
7715b7194cb0b2308630075510656066,B,定点,补给站,联通,,0.237,,-85.7768386714116,5.19090106761566,0.941399762752076,0.941399762752076,8.64503908794788,9.774,1.0,10,10,0,0.0,4.85066333333333,5.907,1.0,10,10,0,0.0,,,,,,,,,,,,,,,,,,
61f672c7283626788223681647752079,C,驶测,步行道,联通,2.1691858626008,0.504975,4.29563020466519,-85.6747250000995,10.8506954232235,0.988660134316856,0.990201475283497,8.52522942051282,9.40127,1.0,13,13,0,0.0,4.38542383571428,6.09829,0.976190476190476,14,14,0,0.0,-85.0189299635039,11.4811684915346,1.0,1.0,8.60170488401251,9.38338714285714,1.0,13.0,13.0,0.0,0.0,4.28998898035204,4.80605933333333,0.975609756097561,14.0,14.0,0.0,0.0
7715b7194cb0b2308630075510656066,B,定点,补给站,电信,,0.237,,-85.632006168446,12.2649596678529,1.0,1.0,8.13236601307189,8.641,1.0,10,10,0,0.0,5.02597666666667,5.962,1.0,10,10,0,0.0,,,,,,,,,,,,,,,,,,
61f672c7283626788223681647752079,E,定点,停车场,联通,,0.384752777777778,,-85.6276097028203,4.42032161548417,1.0,1.0,9.49885261333333,11.4038,1.0,10,10,0,0.0,4.67265733666667,6.08,0.993333333333333,10,10,0,0.0,,,,,,,,,,,,,,,,,,
7715b7194cb0b2308630075510656066,A,定点,停车场,移动,,0.245,,-85.5144400093919,7.48213242545198,0.999765203099319,0.999765203099319,4.54688524590164,7.051,0.934426229508197,10,10,0,0.0,3.15410264900662,5.452,0.877483443708609,10,10,0,0.0,,,,,,,,,,,,,,,,,,
7715b7194cb0b2308630075510656066,H,驶测,骑行道,电信,2.577,0.547,4.71115173674589,-85.4760978249665,5.64694361406041,0.88939284609834,0.88939284609834,7.52636766809728,9.2630005,0.97997138769671,23,23,0,0.0,4.67262662807525,5.773,0.988422575976845,23,23,0,0.0,-85.5943452380952,5.6027380952381,0.93452380952381,0.93452380952381,7.48144444444444,9.19,1.0,23.0,23.0,0.0,0.0,4.665328125,5.277,1.0,23.0,23.0,0.0,0.0
7715b7194cb0b2308630075510656066,F,驶测,骑行道,移动,2.611,0.64,4.0796875,-85.3687532241199,6.33988802718717,0.842628093412339,0.848727779714186,6.81060506329114,8.754,0.970886075949367,26,26,0,0.0,3.76307918263091,5.769,0.869731800766284,26,26,0,0.0,-85.8377337278106,6.63914792899408,0.887573964497042,0.887573964497042,6.708,8.615,0.985074626865672,26.0,26.0,0.0,0.0,3.77901587301587,5.13,1.0,26.0,26.0,0.0,0.0
7715b7194cb0b2308630075510656066,G,定点,咖啡厅,联通,,0.237,,-85.2640984149515,15.163910101727,1.0,1.0,9.10406493506493,9.524,1.0,10,10,0,0.0,4.99995666666667,5.868,1.0,10,10,0,0.0,,,,,,,,,,,,,,,,,,
7715b7194cb0b2308630075510656066,G,驶测,骑行道,电信,2.785,0.674,4.13204747774481,-85.1219209716045,12.6532538487855,0.927129661306876,0.962025316455696,6.83464528301887,9.591,0.807547169811321,26,26,0,0.0,3.79359108280255,5.663,0.913375796178344,26,26,0,0.0,-84.9309340659341,12.8227362637363,0.945054945054945,0.967032967032967,6.77813333333333,9.106,0.8,26.0,26.0,0.0,0.0,4.002515625,5.082,0.96875,26.0,26.0,0.0,0.0
61f672c7283626788223681647752079,E,定点,补给站,联通,,0.376219444444444,,-85.0984779473903,4.90441448393713,0.94634073632434,0.94634073632434,6.55013158139535,9.78982,0.970099667774086,10,10,0,0.0,4.36881577666667,5.14056,0.996666666666667,10,10,0,0.0,,,,,,,,,,,,,,,,,,
61f672c7283626788223681647752079,D,定点,咖啡厅,联通,,0.384002777777778,,-84.954531087892,6.03485982652345,1.0,1.0,8.45258696644295,9.8376,1.0,10,10,0,0.0,4.55963076333333,6.09829,0.993333333333333,10,10,0,0.0,,,,,,,,,,,,,,,,,,
61f672c7283626788223681647752079,J,驶测,骑行道,联通,5.61482901751995,0.418983333333333,13.4010796392536,-84.926355371415,7.40706830246058,0.906002417080704,0.90707667517121,6.40532206143345,8.47111,0.938566552901024,10,10,0,0.0,3.992692,5.42914,0.966666666666667,10,10,0,0.0,-84.9526888359323,7.67434422548822,0.928838951310861,0.932584269662921,6.68665849087189,8.3232,0.968253968253968,10.0,10.0,0.0,0.0,3.98901113936508,4.8644158,0.983333333333333,10.0,10.0,0.0,0.0
61f672c7283626788223681647752079,E,定点,停车场,电信,,0.384569444444444,,-84.8533193196427,8.01651868385168,1.0,1.0,9.50272451666667,11.6589,1.0,10,10,0,0.0,4.60872026,6.08609,1.0,10,10,0,0.0,,,,,,,,,,,,,,,,,,
7715b7194cb0b2308630075510656066,B,定点,停车场,联通,,0.237,,-84.731669820246,8.90471901608326,0.997871333964049,0.997871333964049,7.61093442622951,9.6380005,0.99344262295082,10,10,0,0.0,4.74276666666667,5.949,0.993333333333333,10,10,0,0.0,,,,,,,,,,,,,,,,,,
61f672c7283626788223681647752079,D,定点,停车场,联通,,0.370802777777778,,-84.6765443029312,5.09774287258551,0.999849759615385,0.999849759615385,7.32062689333333,9.63968,0.98,10,10,0,0.0,4.05738836666667,5.46734,0.99,10,10,0,0.0,,,,,,,,,,,,,,,,,,
61f672c7283626788223681647752079,E,驶测,步行道,联通,1.66221134400368,0.349138888888889,4.76088856584711,-84.5879769810331,15.4990507518023,0.982405630198336,0.999840051183621,9.36409641111111,10.1263,1.0,9,9,0,0.0,4.26521587591241,5.13026,1.0,10,10,0,0.0,-84.9457648469138,15.3895965332017,1.0,1.0,9.24468784261876,10.029571375,1.0,9.0,9.0,0.0,0.0,4.2378626014513,4.899756,1.0,10.0,10.0,0.0,0.0
7715b7194cb0b2308630075510656066,A,驶测,步行道,移动,6.101,0.576,10.5920138888889,-84.5640357420357,10.153472027972,0.942016317016317,0.943667443667444,6.35165258855586,8.5,0.946866485013624,24,24,0,0.0,3.38137206085754,5.338,0.9432918395574,24,24,0,0.0,-84.9435671232877,9.64836438356164,0.945205479452055,0.945205479452055,6.02217692307692,7.576,0.961538461538462,24.0,24.0,0.0,0.0,3.25811627906977,4.478,0.984496124031008,24.0,24.0,0.0,0.0
7715b7194cb0b2308630075510656066,F,定点,咖啡厅,电信,,0.267,,-84.441956731779,2.8441081705524,0.969124133585381,0.969124133585381,6.27528712871287,8.199,0.953795379537954,10,10,0,0.0,4.38312,5.668,0.98,10,10,0,0.0,,,,,,,,,,,,,,,,,,
61f672c7283626788223681647752079,C,驶测,骑行道,移动,2.17412685996294,0.0,,-84.3592338939663,9.90179647468297,0.90320096799032,0.915520844791552,4.86782748648649,7.37827,0.874692874692875,14,14,0,0.0,2.30577356190476,4.8,0.752380952380952,14,14,0,0.0,-86.621905889888,9.18687559347925,0.957446808510638,0.957446808510638,4.82130642493856,7.24101909523809,1.0,14.0,14.0,0.0,0.0,2.28668482210785,4.18909381818182,0.882352941176471,14.0,14.0,0.0,0.0
7715b7194cb0b2308630075510656066,H,驶测,骑行道,电信,2.794,0.973,2.87153134635149,-84.2987062295834,5.33863241446501,0.896269127170611,0.897644564158405,7.86893344025662,9.79,0.973536487570168,41,41,0,0.0,4.87680390561432,5.854,0.997558991049634,41,41,0,0.0,-83.6517317073171,6.1375512195122,0.951219512195122,0.951219512195122,7.84028571428571,9.665,1.0,41.0,41.0,0.0,0.0,4.82547126436782,5.238,1.0,41.0,41.0,0.0,0.0
7715b7194cb0b2308630075510656066,F,驶测,骑行道,电信,6.053,0.64,9.4578125,-84.0761910983364,11.1913555439422,0.973956972389165,0.974305374096333,8.98266707168894,10.498,0.996354799513973,27,27,0,0.0,4.3131962962963,5.868,0.94320987654321,27,27,0,0.0,-84.2655421348315,11.0552668539326,0.97752808988764,0.97752808988764,8.58770992366412,9.854,1.0,27.0,27.0,0.0,0.0,4.10836641221374,5.301,0.984732824427481,27.0,27.0,0.0,0.0
61f672c7283626788223681647752079,E,驶测,骑行道,电信,2.08666555297375,0.564327777777778,3.69761269096245,-84.0601728044707,12.6879949620183,0.955013872374158,0.964625445897741,7.49600844444444,10.1302,0.922222222222222,15,15,0,0.0,4.07266688235294,5.44,0.995475113122172,15,15,0,0.0,-84.6168010562414,11.7659934667667,0.951219512195122,0.98780487804878,7.79073977772937,9.93207968965517,0.96969696969697,15.0,15.0,0.0,0.0,4.15266111727535,4.76609933333333,1.0,15.0,15.0,0.0,0.0
7715b7194cb0b2308630075510656066,F,驶测,骑行道,联通,2.509,0.522,4.80651340996169,-83.742744941427,7.20038849840256,0.955591054313099,0.95580404685836,8.07382634730539,9.662,0.991017964071856,22,22,0,0.0,4.70721515151515,5.981,0.984848484848485,22,22,0,0.0,-83.92754375,6.8717125,0.96875,0.96875,7.82818644067797,9.408,1.0,22.0,22.0,0.0,0.0,4.74663333333333,5.201,1.0,22.0,22.0,0.0,0.0
7715b7194cb0b2308630075510656066,A,定点,咖啡厅,联通,,0.245,,-83.7144950396825,7.04278273809524,0.997519841269841,0.997519841269841,7.37850819672131,9.768,0.970491803278689,10,10,0,0.0,4.76797342192691,5.74,1.0,10,10,0,0.0,,,,,,,,,,,,,,,,,,
61f672c7283626788223681647752079,E,驶测,骑行道,电信,2.14353608834744,0.539341666666667,3.97435655508555,-83.6288798410463,11.5256660330567,0.914931278633903,0.931070387338609,8.25966429306488,10.0906,0.955257270693512,15,15,0,0.0,4.53594487142857,5.76577,0.997619047619048,14,14,0,0.0,-82.8646217497476,12.0601084055172,0.921348314606742,0.943820224719101,8.32929085724178,9.99164525,0.970588235294118,15.0,15.0,0.0,0.0,4.49447413052292,4.88840981818182,1.0,14.0,14.0,0.0,0.0
7715b7194cb0b2308630075510656066,G,驶测,骑行道,联通,2.785,0.674,4.13204747774481,-83.5341778484189,10.369440940271,0.960264346662205,0.969215325414087,7.66361188369153,9.543,0.988621997471555,26,26,0,0.0,4.71709974424552,5.783,0.99616368286445,26,26,0,0.0,-82.984,10.6585027322404,0.994535519125683,0.994535519125683,7.8611746031746,9.292,1.0,26.0,26.0,0.0,0.0,4.82146031746032,5.233,1.0,26.0,26.0,0.0,0.0
61f672c7283626788223681647752079,J,定点,补给站,移动,,0.436238888888889,,-83.5235909876384,9.79211838376683,1.0,1.0,8.90565140333333,9.58941,1.0,10,10,0,0.0,4.65897152333333,6.09218,1.0,10,10,0,0.0,,,,,,,,,,,,,,,,,,
61f672c7283626788223681647752079,D,定点,停车场,电信,,0.410891666666667,,-83.326494794864,10.3501709693781,1.0,1.0,9.46576137,10.0564,1.0,10,10,0,0.0,4.59669106666667,6.36183,0.996969696969697,11,11,0,0.0,,,,,,,,,,,,,,,,,,
7715b7194cb0b2308630075510656066,F,驶测,骑行道,电信,2.445,0.277,8.82671480144404,-83.1836057201226,6.88473891726251,0.902553626149132,0.902553626149132,6.9389043715847,9.752,0.96448087431694,12,12,0,0.0,4.6045798816568,6.032,0.931952662721893,12,11,0,0.0,-85.173091503268,4.21035947712418,0.928104575163399,0.928104575163399,6.47871929824561,9.163,0.982456140350877,12.0,12.0,0.0,0.0,4.40453846153846,5.382,0.903846153846154,12.0,11.0,0.0,0.0
61f672c7283626788223681647752079,E,驶测,骑行道,联通,2.08588175290823,0.5645,3.69509610789766,-83.047248895217,12.5331683776495,0.971422901369319,0.972514387775352,8.31045176888889,10.1052,0.951111111111111,15,15,0,0.0,4.54309951777778,5.47284,1.0,15,15,0,0.0,-83.487278684219,11.7245282266274,0.98780487804878,0.98780487804878,8.1791604675819,9.89613191666666,0.967741935483871,15.0,15.0,0.0,0.0,4.60072607510627,4.9647805,1.0,15.0,15.0,0.0,0.0
7715b7194cb0b2308630075510656066,F,驶测,骑行道,移动,6.053,0.64,9.4578125,-82.7151489991297,11.047980591819,0.970670147954743,0.977197563098346,6.37064792176039,8.755,0.991442542787286,27,27,0,0.0,2.70317444717445,5.498,0.965601965601966,27,27,0,0.0,-82.8531207865169,11.8948820224719,0.97752808988764,0.98314606741573,6.30069230769231,8.414,1.0,27.0,27.0,0.0,0.0,2.73286363636364,5.106,0.992424242424243,27.0,27.0,0.0,0.0
61f672c7283626788223681647752079,J,驶测,步行道,电信,2.12726338416338,0.449758333333333,4.72979203830957,-82.7025719729165,10.9881543771664,0.98388696083292,0.984010907288052,7.90528349498328,8.91878,0.989966555183946,10,10,0,0.0,4.52920793,6.02577,0.99,10,10,0,0.0,-83.514630059221,10.3091328257842,1.0,1.0,7.917780414568,8.58609,1.0,10.0,10.0,0.0,0.0,4.56771330665251,4.9555325,1.0,10.0,10.0,0.0,0.0
61f672c7283626788223681647752079,J,驶测,步行道,联通,2.12872540694475,0.449927777777778,4.73126024238526,-82.4689159754972,10.7006980971068,0.974841987854753,0.974841987854753,7.91924151839465,9.27828,1.0,10,10,0,0.0,4.11483815757576,5.47835,0.978787878787879,11,11,0,0.0,-83.4010734928002,10.0862083037852,1.0,1.0,7.94982042087807,9.58918311111111,1.0,10.0,10.0,0.0,0.0,4.19809524288554,4.79354633333333,1.0,11.0,11.0,0.0,0.0
7715b7194cb0b2308630075510656066,B,驶测,骑行道,电信,2.716,0.698,3.89111747851003,-82.4291055136199,4.59859689858878,0.87807679684936,0.87807679684936,6.94843572984749,9.479,0.944444444444444,30,30,0,0.0,4.69945756880734,5.642,0.998853211009174,29,29,0,0.0,-83.2454545454545,4.20198395721925,0.903743315508021,0.903743315508021,7.18363636363636,9.176,0.987012987012987,30.0,30.0,0.0,0.0,4.78263888888889,5.109,1.0,29.0,29.0,0.0,0.0
7715b7194cb0b2308630075510656066,F,驶测,骑行道,移动,3.814,0.409,9.32518337408313,-82.2769148643064,3.76722647747624,0.802452128392341,0.802452128392341,7.33941233140655,8.74,0.944123314065511,17,17,0,0.0,4.67966274509804,5.966,0.96078431372549,17,17,0,0.0,-81.8793333333333,3.78218222222222,0.786666666666667,0.786666666666667,7.14250588235294,8.658,0.952941176470588,17.0,17.0,0.0,0.0,4.60807792207792,5.472,0.987012987012987,17.0,17.0,0.0,0.0
7715b7194cb0b2308630075510656066,F,驶测,骑行道,电信,2.509,0.522,4.80651340996169,-82.2683555220991,8.96441068932143,0.966232928271857,0.966985697386816,8.38102089552239,9.891,0.97910447761194,22,22,0,0.0,4.25337613293051,5.782,0.909365558912387,22,22,0,0.0,-82.149375,8.96224375,0.975,0.975,8.38408620689655,9.758,0.982758620689655,22.0,22.0,0.0,0.0,4.0638253968254,4.993,0.888888888888889,22.0,22.0,0.0,0.0
7715b7194cb0b2308630075510656066,A,定点,咖啡厅,移动,,0.245,,-82.2338325855962,10.6722318772137,1.0,1.0,6.09269407894737,7.437,0.970394736842105,10,10,0,0.0,4.10008333333333,6.028,0.936666666666667,10,10,0,0.0,,,,,,,,,,,,,,,,,,
61f672c7283626788223681647752079,D,驶测,步行道,电信,2.23328234964609,0.601208333333333,3.71465634427238,-82.2075586188136,11.5875639411535,0.985817575083426,0.986188357434186,8.42953136752137,9.76613,0.995726495726496,16,16,0,0.0,4.69367112708333,6.08,1.0,16,16,0,0.0,-83.0623435008696,10.7727479362856,1.0,1.0,8.40881945322474,9.46804510526316,1.0,16.0,16.0,0.0,0.0,4.66167422100469,4.95235625,1.0,16.0,16.0,0.0,0.0
7715b7194cb0b2308630075510656066,H,驶测,骑行道,联通,2.794,0.973,2.87153134635149,-81.8504507727533,5.42131957641671,0.902461362335432,0.902461362335432,7.67536450839328,9.6,0.964828137490008,41,41,0,0.0,4.82309991876523,5.779,0.995938261575955,41,41,0,0.0,-81.4908300970874,6.0321359223301,0.975728155339806,0.975728155339806,7.71881927710843,9.6,0.975903614457831,41.0,41.0,0.0,0.0,4.84472727272727,5.138,1.0,41.0,41.0,0.0,0.0
7715b7194cb0b2308630075510656066,G,定点,咖啡厅,移动,,0.237,,-81.8297714151608,19.3716850504576,1.0,1.0,8.40488852459016,9.34,0.99344262295082,10,10,0,0.0,4.98975747508306,5.985,0.996677740863787,10,10,0,0.0,,,,,,,,,,,,,,,,,,
7715b7194cb0b2308630075510656066,B,驶测,骑行道,电信,2.422,0.63,3.84444444444444,-81.6974106132711,7.51655724162701,0.964712220526174,0.970279249349017,7.85424665856622,9.748,0.986634264884569,27,27,0,0.0,4.77465128205128,5.828,0.998717948717949,26,26,0,0.0,-80.9450174418605,7.21920348837209,0.994186046511628,0.994186046511628,7.78511940298507,9.378,1.0,27.0,27.0,0.0,0.0,4.77786153846154,5.185,1.0,26.0,26.0,0.0,0.0
61f672c7283626788223681647752079,E,定点,停车场,电信,,0.377566666666667,,-81.659830214998,8.13708226579996,1.0,1.0,7.84746657859532,9.53706,1.0,10,10,0,0.0,4.65805003666667,6.11055,0.996666666666667,10,10,0,0.0,,,,,,,,,,,,,,,,,,
7715b7194cb0b2308630075510656066,H,驶测,骑行道,电信,4.841,1.009,4.7978196233895,-81.6085836235939,5.39718175069948,0.868326386113173,0.869297093587621,6.49902182385035,9.613,0.908028059236165,42,42,0,0.0,4.44006260162602,5.603,0.991056910569106,41,41,0,0.0,-82.6936574923547,5.23096330275229,0.877675840978593,0.880733944954129,6.641832,9.464,0.944,42.0,42.0,0.0,0.0,4.51159349593496,5.153,1.0,41.0,41.0,0.0,0.0
7715b7194cb0b2308630075510656066,F,定点,咖啡厅,联通,,0.267,,-81.5286111342786,6.93725979983319,1.0,1.0,8.84623127035831,9.38,0.996742671009772,10,10,0,0.0,5.01575666666667,6.041,1.0,10,10,0,0.0,,,,,,,,,,,,,,,,,,
7715b7194cb0b2308630075510656066,B,定点,停车场,移动,,0.241,,-81.5175376003894,4.53948162569968,1.0,1.0,4.10711803278689,7.864,0.731147540983607,10,10,0,0.0,4.90203986710963,5.718,0.996677740863787,10,10,0,0.0,,,,,,,,,,,,,,,,,,
7715b7194cb0b2308630075510656066,A,定点,补给站,电信,,0.244,,-81.2541471464588,8.98517190006876,1.0,1.0,9.60047213114754,9.942,1.0,10,10,0,0.0,4.92393333333333,5.251,1.0,10,10,0,0.0,,,,,,,,,,,,,,,,,,
7715b7194cb0b2308630075510656066,F,驶测,骑行道,电信,2.612,0.64,4.08125,-81.2142778753292,5.47683889376646,0.897366110623354,0.897453906935909,6.53070229007634,8.324,0.955470737913486,26,26,0,0.0,4.09203076923077,5.68,0.933333333333333,26,26,0,0.0,-80.6403392857143,6.00321428571429,0.946428571428571,0.946428571428571,6.44269696969697,8.143,0.984848484848485,26.0,26.0,0.0,0.0,4.0555873015873,5.162,0.968253968253968,26.0,26.0,0.0,0.0
7715b7194cb0b2308630075510656066,H,定点,补给站,移动,,0.24,,-80.9612528846154,5.08163461538462,1.0,1.0,7.21072277227723,7.619,1.0,10,10,0,0.0,4.44280602006689,5.721,1.0,10,10,0,0.0,,,,,,,,,,,,,,,,,,
61f672c7283626788223681647752079,D,定点,补给站,联通,,0.372152777777778,,-80.9568829643224,18.5945339195762,1.0,1.0,8.67298272333333,9.7307,1.0,10,10,0,0.0,4.78832322,6.09218,1.0,10,10,0,0.0,,,,,,,,,,,,,,,,,,
61f672c7283626788223681647752079,I,驶测,城市道路,电信,214.062075688958,7.05015,30.3627689749804,-80.8986574434553,6.85884184444913,0.914268503272961,0.916075659612064,6.52633492375053,9.51738,0.928235796668091,156,156,0,0.0,4.55756091239455,6.74022,0.974475448842743,156,156,0,0.0,-81.417481118801,6.42668099476995,0.915154214452734,0.917826522658947,6.50048270918232,9.386101,0.939943342776204,156.0,156.0,0.0,0.0,4.53263414198709,6.406406,0.973806752037253,156.0,156.0,0.0,0.0
61f672c7283626788223681647752079,I,驶测,步行道,电信,2.05306912571192,0.317058333333333,6.47536717968382,-80.8907217804824,4.05568400997709,0.914381744206616,0.914735538652043,6.9943805,9.50667,0.979166666666667,8,8,0,0.0,4.86243092372881,7.35265,0.991525423728814,8,8,0,0.0,-85.9344232973154,4.96885530042625,0.927835051546392,0.927835051546392,6.58039649861111,8.52552975,1.0,8.0,8.0,0.0,0.0,5.08960241847517,7.389558,1.0,8.0,8.0,0.0,0.0
61f672c7283626788223681647752079,D,定点,补给站,电信,,0.371977777777778,,-80.869312490929,18.2411337612457,1.0,1.0,9.02411581666667,9.71486,1.0,10,10,0,0.0,4.73679946,6.10442,1.0,10,10,0,0.0,,,,,,,,,,,,,,,,,,
61f672c7283626788223681647752079,E,驶测,城市道路,电信,208.280553468883,8.22178333333333,25.3327708873642,-80.6466097081961,9.08331193747465,0.969755518081831,0.970171977087927,7.45954667363888,9.86693,0.969086434943094,218,217,0,0.0,4.41057747004823,5.77733,0.992531507701883,218,217,1,0.00460829493087558,-81.9553811789054,9.06416076263296,0.981538085340506,0.981782614011493,7.46210578347481,9.744481,0.983253588516746,218.0,217.0,0.0,0.0,4.35600358762219,5.22995466666667,0.995445344129555,218.0,217.0,1.0,0.00460829493087558
7715b7194cb0b2308630075510656066,H,驶测,骑行道,移动,2.577,0.547,4.71115173674589,-80.5108315954119,6.97418696558915,0.906047966631908,0.907090719499479,5.5747,7.554,0.965714285714286,23,23,0,0.0,4.1018323699422,5.717,0.939306358381503,23,23,0,0.0,-80.6217738095238,6.55041071428571,0.952380952380952,0.952380952380952,5.40153846153846,7.228,0.984615384615385,23.0,23.0,0.0,0.0,4.17892424242424,4.818,1.0,23.0,23.0,0.0,0.0
7715b7194cb0b2308630075510656066,F,驶测,骑行道,联通,6.053,0.64,9.4578125,-80.4583460930641,11.3067074626866,0.969710272168569,0.969710272168569,9.03758980582524,9.897,0.997572815533981,27,27,0,0.0,4.61952103960396,5.888,0.97029702970297,27,27,0,0.0,-80.8526722689076,10.7306862745098,0.974789915966387,0.974789915966387,8.93029007633588,9.832,1.0,27.0,27.0,0.0,0.0,4.52077272727273,5.277,0.992424242424243,27.0,27.0,0.0,0.0
61f672c7283626788223681647752079,I,驶测,骑行道,电信,5.07167007052898,0.584619444444444,8.67516487644115,-80.3311417135766,8.28416214777793,0.963111238204175,0.963111238204175,5.2500380760095,8.47129,0.876484560570071,15,15,0,0.0,4.4992167952381,6.45161,0.988095238095238,14,14,0,0.0,-81.4777923770216,8.34789945686538,0.969026548672566,0.969026548672566,5.26133635607348,9.52872133333333,0.920634920634921,15.0,15.0,0.0,0.0,4.62728536152769,5.49124178947368,1.0,14.0,14.0,0.0,0.0
61f672c7283626788223681647752079,E,定点,停车场,联通,,0.377725,,-80.2064239011982,5.6137147194587,1.0,1.0,7.96472331333333,9.59744,1.0,10,10,0,0.0,4.77091370666667,6.03774,1.0,10,10,0,0.0,,,,,,,,,,,,,,,,,,
61f672c7283626788223681647752079,J,驶测,骑行道,电信,5.61482901751995,0.418816666666667,13.406412553273,-80.203617093916,10.9768125246561,0.987087326943557,0.987087326943557,7.78835528666667,8.7569,1.0,10,10,0,0.0,4.50505973703704,5.47284,0.988888888888889,9,9,0,0.0,-81.2991044112892,10.7935691809173,0.99250936329588,0.99250936329588,7.68989782008882,8.558421125,1.0,10.0,10.0,0.0,0.0,4.42931004776335,4.9338732,1.0,9.0,9.0,0.0,0.0
61f672c7283626788223681647752079,I,驶测,城市道路,联通,214.098004991591,7.05168305555556,30.3612631629717,-80.0466814364944,7.20369689166034,0.91234688799345,0.913005089017675,5.97957320132933,9.1168,0.901586620926244,156,155,1,0.00645161290322581,4.11639927696855,5.70297,0.981000633312223,159,159,0,0.0,-80.8421808109408,6.47986968683978,0.910648303661404,0.911432090471392,6.1402557038007,9.0975235,0.925083240843507,156.0,155.0,1.0,0.00645161290322581,4.01060355715076,5.1296225,0.976163450624291,159.0,159.0,0.0,0.0
7715b7194cb0b2308630075510656066,F,驶测,骑行道,联通,2.612,0.64,4.08125,-80.0152018114668,3.57284101301442,0.834329933169187,0.834329933169187,5.94112071535022,8.934,0.849478390461997,22,22,0,0.0,4.08791197691198,5.744,0.917748917748918,23,23,0,0.0,-79.1348224852071,3.94583431952663,0.869822485207101,0.869822485207101,5.83618181818182,8.723,0.909090909090909,22.0,22.0,0.0,0.0,4.11322033898305,5.112,0.966101694915254,23.0,23.0,0.0,0.0
61f672c7283626788223681647752079,E,驶测,城市道路,联通,208.282399428189,8.22346111111111,25.3278268862692,-79.9161251794577,9.1057957936444,0.957150334083293,0.957469803356467,6.91466783842861,9.4118,0.975389789055335,218,218,0,0.0,4.45529663020595,5.42373,0.992372234935164,220,220,0,0.0,-80.4848865329482,9.35583228406653,0.975905088062622,0.976149706457926,7.00022930548633,9.419451,0.980314960629921,218.0,218.0,0.0,0.0,4.44447407656524,5.114885,0.996652319464371,220.0,220.0,0.0,0.0
7715b7194cb0b2308630075510656066,H,驶测,骑行道,联通,4.841,1.009,4.7978196233895,-79.8379522931551,5.87703687485596,0.950391795344549,0.951140815856188,5.96555244195356,9.504,0.897518014411529,41,41,0,0.0,4.43953803486529,5.684,0.997622820919176,42,42,0,0.0,-80.5408384146342,5.74082317073171,0.966463414634146,0.966463414634146,6.17929268292683,9.285,0.934959349593496,41.0,41.0,0.0,0.0,4.4175905511811,5.293,1.0,42.0,42.0,0.0,0.0
7715b7194cb0b2308630075510656066,A,定点,停车场,电信,,0.26,,-79.5554616044616,21.1716537966538,1.0,1.0,9.33703289473684,9.901,1.0,10,10,0,0.0,4.9271926910299,5.781,0.996677740863787,10,10,0,0.0,,,,,,,,,,,,,,,,,,
7715b7194cb0b2308630075510656066,H,驶测,骑行道,移动,4.841,1.009,4.7978196233895,-79.5431397423744,7.25233379802599,0.866949199799253,0.869960408186026,4.37860034013605,6.969,0.807823129251701,39,39,0,0.0,2.90772734627832,5.462,0.831715210355987,41,41,0,0.0,-79.0227325227963,7.29814285714286,0.887537993920973,0.887537993920973,4.60757522123894,6.942,0.876106194690265,39.0,39.0,0.0,0.0,2.90645967741935,4.903,0.919354838709677,41.0,41.0,0.0,0.0
7715b7194cb0b2308630075510656066,H,驶测,城市道路,电信,377.513,7.396,51.0428610059492,-79.356764801142,8.79124711038114,0.946006723256635,0.947019816722182,7.57027209080301,9.705,0.974329054842474,310,310,0,0.0,4.62368562777117,5.73,0.990267113658484,308,308,0,0.0,-79.7674264253299,8.16121589901414,0.946429502894998,0.94705544833342,7.59752824287029,9.683,0.976632934682613,310.0,310.0,0.0,0.0,4.60610097192225,5.623,0.99154067674586,308.0,308.0,0.0,0.0
61f672c7283626788223681647752079,C,定点,停车场,电信,,0.381675,,-79.3550078879277,9.51494962923756,1.0,1.0,7.27732968333333,8.65058,0.99,10,10,0,0.0,4.65833904666667,5.39683,1.0,10,10,0,0.0,,,,,,,,,,,,,,,,,,
61f672c7283626788223681647752079,D,驶测,步行道,联通,2.23328234964609,0.601380555555555,3.71359254803805,-79.3192922446339,12.2799106499085,0.992881575298142,0.992881575298142,8.42989829166667,9.59172,1.0,16,16,0,0.0,4.68031896041667,6.11055,1.0,16,16,0,0.0,-80.0505962939488,11.6472651604627,1.0,1.0,8.43262544213901,9.1030288,1.0,16.0,16.0,0.0,0.0,4.67510798930186,4.94016666666667,1.0,16.0,16.0,0.0,0.0
61f672c7283626788223681647752079,D,定点,停车场,移动,,0.370997222222222,,-79.2747470976696,21.531161041028,0.977002855854502,0.99924845934165,6.32603378333333,7.13389,1.0,10,10,0,0.0,0.904213116666667,0.971301,0.99,10,10,0,0.0,,,,,,,,,,,,,,,,,,
61f672c7283626788223681647752079,D,驶测,步行道,移动,2.23328234964609,0.601547222222222,3.71256364778138,-78.8710765148708,13.0133474382486,0.940363568911148,0.943516972732332,6.28725346458333,9.49153,0.95,16,16,0,0.0,1.59937514375,4.6034,0.954166666666667,16,16,0,0.0,-79.5575409943991,11.9055805114631,0.944954128440367,0.944954128440367,6.30721168423778,9.3698525,0.976190476190476,16.0,16.0,0.0,0.0,1.77574198849898,4.47964033333333,0.972972972972973,16.0,16.0,0.0,0.0
61f672c7283626788223681647752079,C,驶测,城市道路,电信,215.536248817086,8.31208055555556,25.9304812286772,-78.7211368527391,8.24004909777857,0.964245156868411,0.964688648626855,6.51447522708853,9.49264,0.923316708229426,216,215,1,0.00465116279069767,4.28869957176471,5.14056,0.988862745098039,215,214,1,0.00467289719626168,-77.9314040092704,8.08359296685911,0.96478640026493,0.965338337564853,6.69098251356663,9.371291,0.947243346007605,216.0,215.0,1.0,0.00465116279069767,4.31523405696223,5.104685,0.990426041168023,215.0,214.0,1.0,0.00467289719626168
7715b7194cb0b2308630075510656066,A,驶测,城市道路,电信,260.206,5.471,47.5609577773716,-78.6890682674299,7.7572572023822,0.922704602369578,0.923199141396073,7.66247934608086,9.812,0.961027587213545,225,225,0,0.0,4.57868105766358,5.634,0.98565879892441,223,223,0,0.0,-79.1797619708536,7.7749333795975,0.94147582697201,0.941784254761354,7.65021532091097,9.75,0.97075569358178,225.0,225.0,0.0,0.0,4.56535610502167,5.57,0.984960489421361,223.0,223.0,0.0,0.0
7715b7194cb0b2308630075510656066,F,驶测,骑行道,移动,2.445,0.277,8.82671480144404,-78.6713260913706,1.04063939086294,0.829035532994924,0.829035532994924,6.63498369565217,8.724,0.910326086956522,12,12,0,0.0,4.47524556213018,5.767,0.955621301775148,12,11,0,0.0,-79.1744675324675,0.920350649350649,0.785714285714286,0.785714285714286,6.30849152542373,8.527,0.915254237288136,12.0,12.0,0.0,0.0,4.43016981132075,5.437,1.0,12.0,11.0,0.0,0.0
61f672c7283626788223681647752079,E,驶测,城市道路,移动,208.331352421343,8.22515277777778,25.3285693348092,-78.5617913755198,10.7385795999374,0.964020291001323,0.967061213914609,6.06616345392597,8.71521,0.952609571008208,218,215,2,0.00930232558139535,2.24787043384946,4.49087,0.871838111298482,220,219,1,0.0045662100456621,-79.0573102970464,10.0635643763704,0.96313533374158,0.965952235150031,6.14738611854671,8.6654365,0.958979489744872,218.0,215.0,2.0,0.00930232558139535,2.49913054186886,4.4845965,0.914841849148418,220.0,219.0,1.0,0.0045662100456621
61f672c7283626788223681647752079,C,定点,停车场,移动,,0.382027777777778,,-78.3123930639876,9.23879312324081,0.999854312354312,0.999854312354312,7.59080111666667,8.35489,0.996666666666667,10,10,0,0.0,3.87444,5.41833,0.979933110367893,10,10,0,0.0,,,,,,,,,,,,,,,,,,
7715b7194cb0b2308630075510656066,H,驶测,骑行道,移动,2.794,0.973,2.87153134635149,-78.2387108944222,6.57722851007023,0.941610076034593,0.942074409425968,7.18989391447368,8.247,0.970394736842105,40,40,0,0.0,4.41962641815235,5.787,0.946515397082658,41,41,0,0.0,-78.1662524271845,6.91159708737864,0.985436893203884,0.985436893203884,7.12561842105263,8.071,1.0,40.0,40.0,0.0,0.0,4.49218390804598,5.176,1.0,41.0,41.0,0.0,0.0
7715b7194cb0b2308630075510656066,G,驶测,城市道路,电信,215.446,6.281,34.3012259194396,-78.139605728142,7.30773311067393,0.924975980235165,0.925241341446676,7.97277008928571,9.739,0.979910714285714,265,265,0,0.0,4.58863799598192,5.762,0.989201406328478,265,265,0,0.0,-78.6722407148841,6.79773471097459,0.933445033975612,0.933631201712743,7.89596388805296,9.647,0.983147758049955,265.0,265.0,0.0,0.0,4.59009979514194,5.606,0.992683640620427,265.0,265.0,0.0,0.0
61f672c7283626788223681647752079,E,驶测,骑行道,联通,5.16537125635147,0.448191666666667,11.5249158797794,-78.1388136823698,9.96672486454199,0.922855353788353,0.923356293049468,7.43636008055555,10.0951,0.977777777777778,12,12,0,0.0,4.34628879444444,5.42914,0.991666666666667,12,12,0,0.0,-78.0018473384113,10.0612434284712,0.942622950819672,0.942622950819672,7.35124503152582,10.0645495,1.0,12.0,12.0,0.0,0.0,4.27859540105181,4.92178266666667,1.0,12.0,12.0,0.0,0.0
61f672c7283626788223681647752079,I,驶测,步行道,联通,2.05306912571192,0.317227777777778,6.47190841890939,-78.1173841076409,4.92869975073187,0.805185579825963,0.805185579825963,6.30003541666667,9.54512,0.945833333333333,8,8,0,0.0,4.40383378333333,5.70862,0.995833333333333,8,8,0,0.0,-86.0661752448839,3.88593482460467,0.948453608247423,0.948453608247423,6.8002231192094,9.57557975,1.0,8.0,8.0,0.0,0.0,4.1083971290927,4.79877653333333,1.0,8.0,8.0,0.0,0.0
7715b7194cb0b2308630075510656066,A,定点,补给站,联通,,0.244,,-77.9905494530538,6.06385574293528,0.996809480401094,0.996809480401094,9.5910198019802,9.956,0.996699669966997,10,10,0,0.0,4.88433110367893,5.216,1.0,10,10,0,0.0,,,,,,,,,,,,,,,,,,
61f672c7283626788223681647752079,D,定点,停车场,联通,,0.411052777777778,,-77.9720741727443,18.4573734970946,1.0,1.0,9.44473653,10.0708,1.0,10,10,0,0.0,4.76214848,6.09829,1.0,10,10,0,0.0,,,,,,,,,,,,,,,,,,
7715b7194cb0b2308630075510656066,B,驶测,骑行道,联通,2.716,0.698,3.89111747851003,-77.9333447307565,3.84828666997027,0.848199537495871,0.848199537495871,5.20237104072398,9.202,0.632352941176471,29,29,0,0.0,4.41469333333333,5.73,0.977777777777778,30,30,0,0.0,-77.6319414893617,3.82171276595745,0.877659574468085,0.877659574468085,5.31820547945205,8.713,0.698630136986301,29.0,29.0,0.0,0.0,4.45006493506494,5.159,1.0,30.0,30.0,0.0,0.0
61f672c7283626788223681647752079,E,驶测,骑行道,电信,1.83603561258316,0.400227777777778,4.58747671832663,-77.9291098112495,14.103732181327,0.990352348993289,0.990492170022371,9.05858791503268,10.0848,1.0,11,11,0,0.0,4.38182117666667,5.4509,1.0,10,10,0,0.0,-78.4884971976686,13.9563125621133,1.0,1.0,9.04987838203258,9.960944,1.0,11.0,11.0,0.0,0.0,4.44443528835163,5.254818,1.0,10.0,10.0,0.0,0.0
7715b7194cb0b2308630075510656066,F,驶测,骑行道,移动,2.511,0.522,4.81034482758621,-77.9221434518092,6.91878012594727,0.830504856441456,0.830504856441456,6.85985714285714,8.647,0.983630952380952,22,22,0,0.0,3.44192900302115,5.6940002,0.809667673716012,22,22,0,0.0,-78.0548447204969,6.56867080745342,0.838509316770186,0.838509316770186,6.87223728813559,8.442,1.0,22.0,22.0,0.0,0.0,3.54141935483871,5.253,0.983870967741935,22.0,22.0,0.0,0.0
61f672c7283626788223681647752079,E,驶测,步行道,移动,2.15796139836311,0.457552777777778,4.7163114359043,-77.8621510504265,8.46028732668893,0.907005426739023,0.922915638875185,6.07110598611111,8.04382,0.855555555555556,12,12,0,0.0,3.16704469722222,4.27266,0.983333333333333,12,12,0,0.0,-78.3482125734128,8.54064653398422,0.96,0.97,6.25354871870764,8.0002465,0.921052631578947,12.0,12.0,0.0,0.0,3.10601150500962,4.232925,1.0,12.0,12.0,0.0,0.0
7715b7194cb0b2308630075510656066,G,驶测,城市道路,联通,215.446,6.281,34.3012259194396,-77.8336408604687,7.08110813017719,0.920921075313694,0.921084386539526,7.6297523231322,9.715,0.963697187461281,265,265,0,0.0,4.44216854354354,5.676,0.973348348348348,266,266,0,0.0,-78.0365041445469,6.48341519977647,0.922324671696005,0.922324671696005,7.5106780167264,9.585,0.968936678614098,265.0,265.0,0.0,0.0,4.45287466823946,5.541,0.985549985255087,266.0,266.0,0.0,0.0
7715b7194cb0b2308630075510656066,B,驶测,城市道路,电信,280.433,5.985,46.8559732664996,-77.7482838853911,5.9004650278497,0.881407102389437,0.882142754779352,6.22635077242633,9.406,0.877969622225107,253,253,0,0.0,4.34745302190552,5.656,0.98046978094484,252,252,0,0.0,-78.2758671264041,5.92566522110053,0.899616095549552,0.900327029717048,6.41534827669318,9.38,0.901663051337672,253.0,253.0,0.0,0.0,4.37449296781883,5.566,0.989034564958284,252.0,252.0,0.0,0.0
61f672c7283626788223681647752079,C,驶测,城市道路,移动,215.579701658845,8.31513611111111,25.9261783304757,-77.7296431899883,8.77897712036786,0.949193493959641,0.951967334818114,6.04152673988261,7.88256,0.963700957676861,216,216,0,0.0,2.93764961887198,5.43457,0.854464422929153,217,217,0,0.0,-76.4301610427359,8.64465461810601,0.957232843408111,0.959000994585037,6.01983361363394,7.65679209090909,0.96812001875293,216.0,216.0,0.0,0.0,2.99673239591998,5.079365,0.879963065558633,217.0,217.0,0.0,0.0
7715b7194cb0b2308630075510656066,F,驶测,骑行道,联通,2.839,0.593,4.78752107925801,-77.5677689516899,7.42464225701738,0.946438800840176,0.946438800840176,8.55321475625824,9.77,0.978919631093544,25,25,0,0.0,4.86101805555556,5.84,0.994444444444444,24,24,0,0.0,-77.5779722222222,7.17149444444444,0.955555555555556,0.955555555555556,8.40810144927536,9.525,0.985507246376812,25.0,25.0,0.0,0.0,4.93491176470588,5.476,1.0,24.0,24.0,0.0,0.0
7715b7194cb0b2308630075510656066,A,定点,停车场,联通,,0.26,,-77.5498434354251,18.9001927607625,1.0,1.0,9.46630293159609,9.9,1.0,10,10,0,0.0,4.99149666666667,5.959,1.0,10,10,0,0.0,,,,,,,,,,,,,,,,,,
61f672c7283626788223681647752079,C,驶测,骑行道,电信,2.2018492013216,0.0,,-77.5246774578744,6.87703298574104,0.967733803882027,0.967733803882027,8.9972977,10.4648,1.0,12,12,0,0.0,4.66961013939394,5.15091,1.0,11,11,0,0.0,-77.908785058526,6.45313057971145,0.981651376146789,0.981651376146789,9.1368157202177,9.9855405,1.0,12.0,12.0,0.0,0.0,4.67009916576073,4.85567466666667,1.0,11.0,11.0,0.0,0.0
61f672c7283626788223681647752079,I,定点,咖啡厅,联通,,0.397669444444444,,-77.3828089706184,10.7347389842753,1.0,1.0,8.32467941,8.86496,1.0,10,10,0,0.0,4.70383199666667,6.10442,1.0,10,10,0,0.0,,,,,,,,,,,,,,,,,,
7715b7194cb0b2308630075510656066,F,驶测,城市道路,联通,220.96,5.74,38.4947735191638,-77.2389549151913,8.1413967404572,0.936186002909957,0.936674250783638,7.51275131106818,9.595,0.948109301683688,238,238,0,0.0,4.40582951229679,5.74,0.96887592052244,240,240,0,0.0,-77.8900761616717,7.33666859132985,0.924021629548162,0.924754834570617,7.39660731414868,9.552,0.939448441247002,238.0,238.0,0.0,0.0,4.41390086852351,5.621,0.978137166816412,240.0,240.0,0.0,0.0
7715b7194cb0b2308630075510656066,F,驶测,城市道路,电信,220.96,5.741,38.4880682807873,-77.1607616862212,9.36468667129843,0.948900609630797,0.949879150235339,7.12609297860669,9.681,0.948710916072408,240,240,0,0.0,4.17789036638846,5.746,0.949497807327769,235,235,0,0.0,-77.4599093416697,8.32085684075028,0.947499080544318,0.948234645090107,6.85388807785888,9.468,0.936739659367397,240.0,240.0,0.0,0.0,4.1453466945857,5.63,0.960813640442716,235.0,235.0,0.0,0.0
61f672c7283626788223681647752079,D,驶测,步行道,电信,2.03014532768726,0.497672222222222,4.07928197925573,-77.1232545413064,13.779208179145,0.985391617035622,0.985391617035622,8.53067546410256,10.0177,1.0,13,13,0,0.0,4.44722332994924,5.78894,0.99746192893401,14,14,0,0.0,-77.6364081495602,13.2108512732107,1.0,1.0,8.52241609349624,9.74595575,1.0,13.0,13.0,0.0,0.0,4.49133923532954,4.84362542857143,1.0,14.0,14.0,0.0,0.0
61f672c7283626788223681647752079,J,驶测,骑行道,移动,5.61482901751995,0.419169444444444,13.3951295638013,-77.1041943511071,11.846042925907,0.951355661881978,0.951355661881978,7.60508635494881,9.03072,0.989761092150171,10,10,0,0.0,4.01401622333333,5.44545,0.983333333333333,10,10,0,0.0,-78.3517330283307,10.8795868613527,0.932584269662921,0.932584269662921,7.46914909715712,8.8809685,0.984126984126984,10.0,10.0,0.0,0.0,4.02025806178571,4.74477416666667,1.0,10.0,10.0,0.0,0.0
7715b7194cb0b2308630075510656066,H,驶测,骑行道,电信,0.935,0.21,4.45238095238095,-77.0224875594073,7.4488677662846,0.925076880067095,0.925076880067095,6.01537295081967,9.625,0.860655737704918,8,8,0,0.0,4.7203037037037,5.739,1.0,9,9,0,0.0,-77.074109375,7.510765625,1.0,1.0,5.82680769230769,9.23,0.846153846153846,8.0,8.0,0.0,0.0,4.68666666666667,5.287,1.0,9.0,9.0,0.0,0.0
7715b7194cb0b2308630075510656066,A,驶测,城市道路,联通,260.206,5.47,47.5696526508227,-76.8630527354707,7.79522238036861,0.92809649469113,0.928802958838074,7.8222974841842,9.794,0.961012211269678,223,223,0,0.0,4.59443770346256,5.6809998,0.987866232613199,225,225,0,0.0,-77.6451628761774,7.66984815070067,0.940653955126733,0.941572861627996,7.80943385416667,9.761,0.967447916666667,223.0,223.0,0.0,0.0,4.60740877949759,5.605,0.9908652626237,225.0,225.0,0.0,0.0
7715b7194cb0b2308630075510656066,F,驶测,骑行道,电信,2.839,0.593,4.78752107925801,-76.7456947935368,6.18566521780214,0.930643484834168,0.931399414154777,8.20955526315789,9.851,0.973684210526316,25,25,0,0.0,4.73329906542056,5.874,0.991989319092123,25,25,0,0.0,-76.5075519125683,6.09877595628415,0.956284153005464,0.956284153005464,8.11682191780822,9.539,1.0,25.0,25.0,0.0,0.0,4.8711884057971,5.352,1.0,25.0,25.0,0.0,0.0
7715b7194cb0b2308630075510656066,B,驶测,骑行道,联通,2.422,0.63,3.84444444444444,-76.6457587287377,5.3921085049239,0.930796777081468,0.930796777081468,5.78215768725361,8.967,0.846254927726675,25,25,0,0.0,4.45098522167488,5.877,0.954433497536946,27,27,0,0.0,-76.4377151162791,5.48004651162791,0.970930232558139,0.970930232558139,5.3471746031746,8.3,0.873015873015873,25.0,25.0,0.0,0.0,4.46857142857143,5.311,0.971428571428571,27.0,27.0,0.0,0.0
61f672c7283626788223681647752079,D,驶测,城市道路,移动,211.035088272512,4.96133833333333,42.5359195632049,-76.6299314676979,10.1491222510857,0.948867952337222,0.95353899527227,6.40013894126431,9.59807,0.951468392234943,134,134,0,0.0,2.9086364582495,4.75871,0.956740442655936,134,133,1,0.0075187969924812,-76.7059591365298,10.2469756838744,0.965528894896925,0.970034921707784,6.52159443776627,9.615073,0.95676219205631,134.0,134.0,0.0,0.0,3.08282514424627,4.755386,0.958579881656805,134.0,133.0,1.0,0.0075187969924812
61f672c7283626788223681647752079,D,驶测,骑行道,移动,2.02233774805069,0.477077777777778,4.23901058119016,-76.6184733067248,8.73468937861501,0.956358517128109,0.956358517128109,5.82776990745501,7.42016,0.933161953727506,13,13,0,0.0,1.41814031025641,4.35788,0.98974358974359,13,13,0,0.0,-75.1848752561611,9.88134509133212,0.98936170212766,0.98936170212766,5.82336407929435,6.85849466666667,1.0,13.0,13.0,0.0,0.0,1.42596437984234,4.19023578947368,1.0,13.0,13.0,0.0,0.0
7715b7194cb0b2308630075510656066,H,驶测,城市道路,联通,377.513,7.397,51.035960524537,-76.5372066276654,8.6258548985764,0.945675749984725,0.946386020651311,7.32765560033941,9.686,0.960649130250318,309,309,0,0.0,4.64372745748208,5.712,0.990908118515349,311,311,0,0.0,-77.0015425200125,8.33828771182035,0.948123505561909,0.948643310115397,7.3929829833454,9.673,0.959811730629978,309.0,309.0,0.0,0.0,4.65304378252288,5.635,0.992463664094743,311.0,311.0,0.0,0.0
61f672c7283626788223681647752079,C,驶测,骑行道,移动,2.2018492013216,0.0,,-76.4853023928237,11.0847188215771,0.990509932936859,0.990509932936859,5.99565196696697,8.02261,0.984984984984985,12,12,0,0.0,3.66094265277778,5.78313,0.897222222222222,12,12,0,0.0,-76.3667342775421,11.200296720269,1.0,1.0,6.10773746094725,7.893207,1.0,12.0,12.0,0.0,0.0,3.64962370328708,4.7975356,0.939393939393939,12.0,12.0,0.0,0.0
7715b7194cb0b2308630075510656066,H,定点,停车场,移动,,0.251,,-76.4202878651685,15.7209761797753,1.0,1.0,6.45385197368421,8.285,0.970394736842105,10,10,0,0.0,3.44562126245847,5.74,0.79734219269103,10,10,0,0.0,,,,,,,,,,,,,,,,,,
7715b7194cb0b2308630075510656066,G,定点,停车场,电信,,0.239,,-76.4002697782964,12.4005943990665,1.0,1.0,8.45221854304636,9.716,0.996688741721854,10,10,0,0.0,4.9209701986755,5.892,0.993377483443708,10,10,0,0.0,,,,,,,,,,,,,,,,,,
61f672c7283626788223681647752079,I,驶测,骑行道,联通,5.07167007052898,0.584775,8.67285720239235,-76.3826228426092,9.12237133082873,0.976788614003248,0.976788614003248,6.11282717619048,8.47872,0.95952380952381,14,14,0,0.0,4.23554882735426,5.73134,0.993273542600897,15,15,0,0.0,-77.3139340467954,9.12684821478103,0.986725663716814,0.986725663716814,6.32215399177257,8.1161035,0.985507246376812,14.0,14.0,0.0,0.0,4.21392115249655,4.817385,1.0,15.0,15.0,0.0,0.0
61f672c7283626788223681647752079,J,驶测,城市道路,联通,204.621363974154,9.33107444444444,21.9290249148084,-76.3748860590473,7.86514474188909,0.947916666666667,0.948180531567837,6.67785596029547,8.61469,0.94429055093875,217,217,0,0.0,3.67853323430579,5.09453,0.991904689170612,219,219,0,0.0,-77.2910240061394,7.61452635943277,0.96382905195254,0.964635410666974,6.57505084965639,8.46525733333333,0.957274202271498,217.0,217.0,0.0,0.0,3.61565387763988,4.795204,0.995212765957447,219.0,219.0,0.0,0.0
7715b7194cb0b2308630075510656066,F,驶测,城市道路,移动,220.96,5.739,38.5014810942673,-76.2343594929567,9.40346388824033,0.938001011751887,0.93958673826757,7.03298610543523,8.967,0.955591881215093,241,241,0,0.0,3.88544076291243,5.741,0.904496728386468,239,239,0,0.0,-77.0506308890926,8.15921979835014,0.926214482126489,0.928505957836847,6.53888516168027,8.795,0.938047748564521,241.0,241.0,0.0,0.0,3.61083794117647,5.554,0.905294117647059,239.0,239.0,0.0,0.0
61f672c7283626788223681647752079,D,驶测,城市道路,电信,210.97980468601,4.95930611111111,42.5422024692766,-76.2300660237095,10.0241565510006,0.963043182436723,0.964086455592851,8.11295098107972,9.98395,0.973259334006054,134,134,0,0.0,4.4710466641791,6.09829,0.991293532338308,134,134,0,0.0,-77.614566651265,9.94818526436508,0.971717171717172,0.973961840628507,8.09729074438731,9.919872,0.973264781491003,134.0,134.0,0.0,0.0,4.43743114077196,5.65948933333333,0.995110024449878,134.0,134.0,0.0,0.0
61f672c7283626788223681647752079,J,驶测,城市道路,电信,204.558264770746,9.33303944444445,21.9176470846816,-76.1783024059473,8.77537373299946,0.955054298426063,0.955203798497823,6.48362866563754,8.52488,0.942111762889781,219,218,0,0.0,4.04592340293436,5.42914,0.987490347490347,217,217,0,0.0,-76.6685398214509,8.63333397452464,0.966597558166321,0.966943100668049,6.30883810599722,8.40678833333333,0.936393805309734,219.0,218.0,0.0,0.0,4.01456039224198,4.967211,0.992420140768814,217.0,217.0,0.0,0.0
61f672c7283626788223681647752079,C,驶测,骑行道,联通,2.2018492013216,0.0,,-76.1370833808171,5.93678845413804,0.930417244422035,0.930417244422035,8.03004247147147,10.3371,0.903903903903904,12,12,0,0.0,4.78084879722222,5.14573,1.0,12,12,0,0.0,-76.4718135101502,5.64957731872243,0.954128440366973,0.954128440366973,7.7236570089053,9.9339265,1.0,12.0,12.0,0.0,0.0,4.83696543979485,5.135406,1.0,12.0,12.0,0.0,0.0
7715b7194cb0b2308630075510656066,B,驶测,城市道路,联通,280.433,5.985,46.8559732664996,-76.0249763258841,5.88658564094735,0.885112311303651,0.88565621481326,4.62172901210465,9.253,0.610048158271508,252,252,0,0.0,4.32282400105152,5.686,0.972134595162986,253,253,0,0.0,-76.3487369545099,5.94977753256923,0.900832918060796,0.901260055527871,4.90676737451737,9.286,0.658301158301158,252.0,252.0,0.0,0.0,4.36282729211087,5.578,0.981520966595594,253.0,253.0,0.0,0.0
61f672c7283626788223681647752079,D,驶测,城市道路,联通,211.005705326974,4.96035527777778,42.5384258809591,-76.018052468661,10.2191307159787,0.96054787708929,0.961790997547662,8.16678475187219,9.98056,0.978781827259111,134,134,0,0.0,4.47110237437811,6.04975,0.996019900497512,134,134,0,0.0,-77.1704502240764,10.0991773286578,0.968907845998429,0.970928274778314,8.19421418482213,9.950552,0.978526110297706,134.0,134.0,0.0,0.0,4.43359613429644,5.456369,0.997979797979798,134.0,134.0,0.0,0.0
61f672c7283626788223681647752079,C,驶测,城市道路,联通,215.557778645277,8.31359166666667,25.9283577168645,-75.9834648049145,8.32963235319265,0.958806904005854,0.959129144652484,8.16092217566729,9.62251,0.985412787088765,216,215,1,0.00465116279069767,4.56511235323077,5.45637,0.994769230769231,217,217,0,0.0,-75.6564687476293,7.97779923892796,0.963383699128708,0.9640454395059,8.06007369888225,9.506372,0.98876404494382,216.0,215.0,1.0,0.00465116279069767,4.54171717491152,5.13026,0.996275605214153,217.0,217.0,0.0,0.0
7715b7194cb0b2308630075510656066,G,定点,停车场,电信,,0.238,,-75.977685729276,23.1761419202518,1.0,1.0,9.1889348534202,9.941,0.996742671009772,10,10,0,0.0,4.76202675585284,5.99,0.996655518394649,10,10,0,0.0,,,,,,,,,,,,,,,,,,
61f672c7283626788223681647752079,I,定点,停车场,移动,,0.402361111111111,,-75.9153380886621,1.98723662855395,0.947925368978001,0.947925368978001,5.74405500333333,9.18156,0.863333333333333,10,10,0,0.0,4.18892128333333,5.13026,0.986666666666667,10,10,0,0.0,,,,,,,,,,,,,,,,,,
7715b7194cb0b2308630075510656066,A,驶测,步行道,电信,2.862,0.653,4.38284839203675,-75.9118624853564,9.37775975488871,0.98386951428314,0.98386951428314,8.39594607268464,9.907,0.995310668229777,28,28,0,0.0,4.91052592592593,5.76,1.0,27,27,0,0.0,-75.5978379888268,9.30982681564246,1.0,1.0,8.41054545454545,9.85,1.0,28.0,28.0,0.0,0.0,4.92841772151899,5.282,1.0,27.0,27.0,0.0,0.0
61f672c7283626788223681647752079,E,驶测,骑行道,联通,1.83681998944283,0.400391666666667,4.58755798974211,-75.6883066683749,14.1448249231236,0.9932716568545,0.9932716568545,9.19102327666667,10.1153,1.0,10,10,0,0.0,4.44601019090909,5.77733,1.0,11,11,0,0.0,-76.3630577523067,13.8759575384999,1.0,1.0,9.21084694053312,9.9433154,1.0,10.0,10.0,0.0,0.0,4.53236352618411,4.91154833333333,1.0,11.0,11.0,0.0,0.0
7715b7194cb0b2308630075510656066,B,定点,停车场,电信,,0.241,,-75.4293437733035,1.62704474272931,0.9480487198608,0.9480487198608,5.67265901639344,8.321,0.963934426229508,10,10,0,0.0,4.72687458745875,5.522,0.996699669966997,10,10,0,0.0,,,,,,,,,,,,,,,,,,
7715b7194cb0b2308630075510656066,B,定点,停车场,联通,,0.241,,-75.3791468272348,6.51138212135248,1.0,1.0,9.09370297029703,9.806,0.993399339933993,10,10,0,0.0,4.95523588039867,5.979,0.996677740863787,10,10,0,0.0,,,,,,,,,,,,,,,,,,
7715b7194cb0b2308630075510656066,B,驶测,骑行道,电信,2.717,0.608,4.46875,-75.1740148734789,8.24348609233147,0.965520571759706,0.965520571759706,7.50909125475285,9.665,0.953105196451204,26,26,0,0.0,4.63442705570292,5.669,0.996021220159151,25,25,0,0.0,-75.3418265895954,8.01904046242775,0.994219653179191,0.994219653179191,7.40836842105263,9.23,1.0,26.0,26.0,0.0,0.0,4.67788888888889,5.118,1.0,25.0,25.0,0.0,0.0
61f672c7283626788223681647752079,I,定点,停车场,移动,,0.393975,,-74.759759595352,16.5716656102356,1.0,1.0,5.32308187333333,6.6862,0.93,10,10,0,0.0,1.12103767333333,2.90616,0.673333333333333,10,10,0,0.0,,,,,,,,,,,,,,,,,,
7715b7194cb0b2308630075510656066,A,驶测,步行道,联通,2.862,0.653,4.38284839203675,-74.6549956653663,9.05040572171651,0.977459904638058,0.977459904638058,8.40743219264892,9.838,0.996197718631179,26,26,0,0.0,4.66130476190476,5.762,0.978571428571428,28,28,0,0.0,-74.1196111111111,9.39486666666667,0.994444444444444,0.994444444444444,8.47190789473684,9.731,1.0,26.0,26.0,0.0,0.0,4.68730303030303,5.3190002,1.0,28.0,28.0,0.0,0.0
7715b7194cb0b2308630075510656066,G,定点,停车场,移动,,0.239,,-74.6391423255814,16.4891969767442,1.0,1.0,8.22104575163399,8.663,0.996732026143791,10,10,0,0.0,5.05498666666667,5.945,1.0,10,10,0,0.0,,,,,,,,,,,,,,,,,,
7715b7194cb0b2308630075510656066,H,驶测,城市道路,移动,377.498,7.395,51.0477349560514,-74.5559606594115,8.38453798983868,0.936146372162274,0.937635266849837,6.19119418505942,8.183,0.959040747028862,309,309,0,0.0,3.74026631544995,5.54,0.944522094398452,309,309,0,0.0,-74.7929342468608,8.38945448861564,0.945084145261293,0.946021987182827,6.26977649643053,8.486,0.964122277137104,309.0,309.0,0.0,0.0,3.7456304619226,5.42,0.960049937578027,309.0,309.0,0.0,0.0
61f672c7283626788223681647752079,D,驶测,步行道,联通,2.03014532768726,0.497863888888889,4.07771154525397,-74.2855972192402,15.5350811333203,0.99236641221374,0.99236641221374,8.66596254761905,10.0014,1.0,14,14,0,0.0,4.43923098717949,5.77154,0.984615384615385,13,13,0,0.0,-74.4714432879621,15.3770139012277,1.0,1.0,8.79191559911465,9.61467855555555,1.0,14.0,14.0,0.0,0.0,4.40994335395106,4.90691033333333,1.0,13.0,13.0,0.0,0.0
7715b7194cb0b2308630075510656066,G,驶测,骑行道,电信,3.658,1.004,3.64342629482072,-74.2676734483941,8.64930546348154,0.978626128700423,0.978626128700423,8.95115954198473,10.042,0.99618320610687,43,43,0,0.0,4.9068626984127,5.813,0.999206349206349,42,42,0,0.0,-75.7775914893617,7.68577872340425,0.987234042553192,0.987234042553192,8.80702173913043,9.79,1.0,43.0,43.0,0.0,0.0,4.87763736263736,5.18,1.0,42.0,42.0,0.0,0.0
7715b7194cb0b2308630075510656066,F,定点,停车场,电信,,0.246,,-74.2455641259699,15.0405403925148,1.0,1.0,9.26501650165017,9.91,1.0,10,10,0,0.0,4.92304333333333,5.889,1.0,10,10,0,0.0,,,,,,,,,,,,,,,,,,
61f672c7283626788223681647752079,I,定点,咖啡厅,电信,,0.397508333333333,,-74.1703729156345,16.9335558807992,1.0,1.0,7.73256254,8.28512,0.996666666666667,10,10,0,0.0,5.20990496655518,7.04705,1.0,10,10,0,0.0,,,,,,,,,,,,,,,,,,
7715b7194cb0b2308630075510656066,A,驶测,骑行道,电信,5.621,0.584,9.625,-73.979640382551,10.1208790865619,0.960183468332195,0.960183468332195,8.76384584980237,9.929,0.997364953886693,25,25,0,0.0,4.60595138888889,5.388,0.958333333333333,24,24,0,0.0,-74.6708140243902,9.38389024390244,0.984756097560976,0.984756097560976,8.69266101694915,9.834,1.0,25.0,25.0,0.0,0.0,4.5026347826087,5.025,0.947826086956522,24.0,24.0,0.0,0.0
7715b7194cb0b2308630075510656066,F,定点,停车场,移动,,0.247,,-73.9602112644198,14.4048973083013,1.0,1.0,9.1617003257329,9.852,0.993485342019544,10,10,0,0.0,5.02826333333333,6.046,1.0,10,10,0,0.0,,,,,,,,,,,,,,,,,,
7715b7194cb0b2308630075510656066,G,驶测,城市道路,移动,215.446,6.28,34.3066878980892,-73.893665062654,9.72213767923291,0.965757430743872,0.966165080377874,7.26708553443594,8.633,0.986916810664034,266,266,0,0.0,3.92821168341709,5.553,0.970979899497487,265,265,0,0.0,-74.4350467246484,8.79197733160622,0.967246484085862,0.968079200592154,7.12703160746538,8.536,0.99157134256472,266.0,266.0,0.0,0.0,3.87102173913043,5.331,0.983548766157462,265.0,265.0,0.0,0.0
7715b7194cb0b2308630075510656066,A,驶测,骑行道,移动,5.621,0.584,9.625,-73.7659968786578,9.8025994927819,0.941767460007803,0.941865001950839,5.87625229960578,8.029,0.892247043363995,25,25,0,0.0,3.54044459833795,5.542,0.880886426592798,24,24,0,0.0,-75.639868902439,8.52544207317073,0.954268292682927,0.954268292682927,5.7635,7.671,0.941666666666667,25.0,25.0,0.0,0.0,3.61679130434783,5.14,0.991304347826087,24.0,24.0,0.0,0.0
61f672c7283626788223681647752079,I,定点,咖啡厅,移动,,0.39785,,-73.7519512477492,10.0037525972996,1.0,1.0,7.83277104,8.34624,1.0,10,10,0,0.0,4.67331361333333,6.03774,1.0,10,10,0,0.0,,,,,,,,,,,,,,,,,,
7715b7194cb0b2308630075510656066,A,驶测,城市道路,移动,260.206,5.47,47.5696526508227,-73.6856663746186,9.44736550672054,0.941318957697699,0.942205409417003,6.42446853555264,8.97,0.937801138852387,225,225,0,0.0,3.883853238265,5.685,0.918300653594771,224,224,0,0.0,-73.8243049014344,9.14416453171742,0.955971465828028,0.956815218225052,6.64761697188548,9.015,0.961052360072221,225.0,225.0,0.0,0.0,3.93170657157412,5.568,0.948038716250637,224.0,224.0,0.0,0.0
61f672c7283626788223681647752079,E,驶测,骑行道,移动,1.83681998944283,0.400586111111111,4.58533118971103,-73.6520842116576,12.9691087029465,0.999026966916875,0.999026966916875,6.5738144,9.12433,0.99,10,10,0,0.0,3.37107228484848,4.79232,1.0,11,11,0,0.0,-73.4530627212583,12.8901044754663,1.0,1.0,6.52759205362574,8.9457357,1.0,10.0,10.0,0.0,0.0,3.45179681453108,4.740689,1.0,11.0,11.0,0.0,0.0
7715b7194cb0b2308630075510656066,F,驶测,骑行道,移动,2.839,0.593,4.78752107925801,-73.4823382794891,9.62597511269722,0.927122464312547,0.927122464312547,6.65993963254593,8.718,0.954068241469816,25,25,0,0.0,3.21677320954907,5.647,0.795755968169761,25,25,0,0.0,-73.6434285714286,9.35148901098901,0.93956043956044,0.93956043956044,6.33497183098592,8.53,0.957746478873239,25.0,25.0,0.0,0.0,3.34117647058823,5.216,1.0,25.0,25.0,0.0,0.0
7715b7194cb0b2308630075510656066,B,驶测,城市道路,移动,280.431,5.985,46.8556390977444,-73.4428857698101,11.7013241775612,0.965298569914269,0.967744035110557,8.15204276059267,9.432,0.989992201715623,253,253,0,0.0,4.79358337737844,5.859,0.980972515856237,252,252,0,0.0,-73.7079668085106,11.1242935460993,0.970780141843972,0.97290780141844,8.16410554345195,9.398,0.991769547325103,253.0,253.0,0.0,0.0,4.8036910957269,5.743,0.984244449749344,252.0,252.0,0.0,0.0
61f672c7283626788223681647752079,C,定点,咖啡厅,电信,,0.378438888888889,,-73.2347741409237,13.3859495097345,0.999706271111764,0.999706271111764,5.35661736789298,7.75784,0.949832775919732,10,10,0,0.0,4.37359401666667,6.11055,0.996666666666667,10,10,0,0.0,,,,,,,,,,,,,,,,,,
7715b7194cb0b2308630075510656066,H,驶测,骑行道,联通,0.935,0.21,4.45238095238095,-73.1271592039801,7.66980375898286,0.920398009950249,0.920398009950249,6.25283823529412,9.787,0.886029411764706,9,9,0,0.0,4.90819008264463,5.735,0.991735537190083,8,8,0,0.0,-73.13621875,7.750078125,0.984375,0.984375,6.55473076923077,9.675,1.0,9.0,9.0,0.0,0.0,4.88440740740741,5.301,1.0,8.0,8.0,0.0,0.0
61f672c7283626788223681647752079,I,驶测,骑行道,电信,5.40014562910795,0.644688888888889,8.37635908137803,-73.0079912121526,4.82569905133079,0.901376546436661,0.901376546436661,6.86230594705882,9.36962,0.976470588235294,17,17,0,0.0,4.75054559166667,7.03297,0.99375,16,16,0,0.0,-72.6326417478754,5.19419264927113,0.946428571428571,0.946428571428571,6.62913986340285,8.57854869230769,0.985074626865672,17.0,17.0,0.0,0.0,4.66529654350649,6.0818162,1.0,16.0,16.0,0.0,0.0
7715b7194cb0b2308630075510656066,F,定点,停车场,电信,,0.247,,-72.7930043339416,27.2008314324818,1.0,1.0,9.53646103896104,9.924,1.0,10,10,0,0.0,5.04342,5.863,1.0,10,10,0,0.0,,,,,,,,,,,,,,,,,,
7715b7194cb0b2308630075510656066,H,驶测,骑行道,移动,0.935,0.209,4.47368421052632,-72.6483783783784,10.7274862162162,0.974324324324324,0.974324324324324,6.18928163265306,8.278,0.971428571428571,8,8,0,0.0,2.72836531365314,5.135,0.867158671586716,9,9,0,0.0,-72.3585,11.023890625,1.0,1.0,6.28195833333333,7.836,1.0,8.0,8.0,0.0,0.0,2.71535714285714,4.627,1.0,9.0,9.0,0.0,0.0
7715b7194cb0b2308630075510656066,G,定点,停车场,联通,,0.239,,-72.5779466573492,13.0789776380154,1.0,1.0,8.40767540983606,9.305,0.99672131147541,10,10,0,0.0,4.93253488372093,5.785,0.996677740863787,10,10,0,0.0,,,,,,,,,,,,,,,,,,
61f672c7283626788223681647752079,I,定点,休息点,电信,,0.393691666666667,,-72.4512155224592,8.24711412756645,0.999011997177135,0.999011997177135,7.88824557333333,8.51021,1.0,10,10,0,0.0,5.18064573,8.32,1.0,10,10,0,0.0,,,,,,,,,,,,,,,,,,
7715b7194cb0b2308630075510656066,G,驶测,骑行道,联通,3.658,1.003,3.64705882352941,-72.3716164125407,6.26055319513449,0.951744617668894,0.951744617668894,8.37812617554859,9.912,0.986677115987461,42,42,0,0.0,4.9474511627907,5.992,1.0,43,43,0,0.0,-73.1684680851064,5.71622127659574,0.987234042553192,0.987234042553192,8.20513186813187,9.812,1.0,42.0,42.0,0.0,0.0,4.94241935483871,5.156,1.0,43.0,43.0,0.0,0.0
7715b7194cb0b2308630075510656066,F,定点,停车场,联通,,0.246,,-72.3635965935604,14.8234587027531,1.0,1.0,9.22369155844156,9.899,1.0,10,10,0,0.0,4.90911,5.938,1.0,10,10,0,0.0,,,,,,,,,,,,,,,,,,
7715b7194cb0b2308630075510656066,A,驶测,骑行道,联通,5.621,0.584,9.625,-72.2933917197452,9.79070160200733,0.95560702567072,0.95560702567072,8.76371896316507,9.88,0.990450204638472,24,24,0,0.0,4.77536582109479,5.477,0.998664886515354,25,25,0,0.0,-73.538763803681,9.29430981595092,0.984662576687116,0.984662576687116,8.74775892857143,9.69,1.0,24.0,24.0,0.0,0.0,4.74973109243697,5.096,1.0,25.0,25.0,0.0,0.0
7715b7194cb0b2308630075510656066,B,驶测,骑行道,移动,2.716,0.698,3.89111747851003,-72.1830442280058,9.40724045984352,0.97437330352866,0.97437330352866,8.23571023965142,8.903,0.994553376906318,30,30,0,0.0,4.98812873563218,5.896,0.998850574712644,29,29,0,0.0,-71.5842340425532,9.49629787234043,0.984042553191489,0.984042553191489,8.18118181818182,8.704,1.0,30.0,30.0,0.0,0.0,5.03164383561644,5.255,1.0,29.0,29.0,0.0,0.0
7715b7194cb0b2308630075510656066,B,驶测,骑行道,移动,2.717,0.608,4.46875,-72.1202304147465,12.2599452534562,0.98221198156682,0.98221198156682,8.02291287878788,9.129,0.974747474747475,26,26,0,0.0,5.00123733333333,5.922,1.0,25,25,0,0.0,-72.3755755813954,11.8550523255814,0.982558139534884,0.982558139534884,7.98594805194805,8.772,0.987012987012987,26.0,26.0,0.0,0.0,5.0084,5.366,1.0,25.0,25.0,0.0,0.0
61f672c7283626788223681647752079,J,驶测,步行道,移动,2.12726338416338,0.450102777777778,4.7261725303407,-72.1156744881506,14.5744899760627,0.991716122650841,0.991716122650841,9.45937986666667,10.0795,1.0,10,10,0,0.0,4.67198382424242,6.06786,0.996969696969697,11,11,0,0.0,-71.9683517037913,14.6036543246757,1.0,1.0,9.50388873174398,9.99243266666667,1.0,10.0,10.0,0.0,0.0,4.69293235195399,4.930755,1.0,11.0,11.0,0.0,0.0
7715b7194cb0b2308630075510656066,G,驶测,骑行道,电信,5.92,0.754,7.85145888594164,-71.785433471511,15.6676750386085,0.993578801918231,0.994066487848492,9.40887050359712,9.916,1.0,32,32,0,0.0,4.76225208333333,5.836,0.997916666666667,32,32,0,0.0,-72.6323882681564,15.4798212290503,0.994413407821229,0.997206703910614,9.28948461538462,9.875,1.0,32.0,32.0,0.0,0.0,4.749875,5.303,1.0,32.0,32.0,0.0,0.0
7715b7194cb0b2308630075510656066,A,定点,补给站,移动,,0.244,,-71.7578412844037,11.795321559633,0.999770642201835,0.999770642201835,7.27875163398693,7.687,0.993464052287582,10,10,0,0.0,3.89078260869565,5.374,0.996655518394649,10,10,0,0.0,,,,,,,,,,,,,,,,,,
61f672c7283626788223681647752079,E,驶测,步行道,电信,2.15796139836311,0.457216666666667,4.71977851134717,-71.7260871160374,14.0583889623271,0.977199901404979,0.977199901404979,9.51490411944445,10.9627,0.991666666666667,12,12,0,0.0,4.63724790756303,5.78894,0.997198879551821,12,12,0,0.0,-72.2713257041392,13.5747263592867,1.0,1.0,9.49570490260625,10.058421,1.0,12.0,12.0,0.0,0.0,4.67885203519542,4.95269683333333,1.0,12.0,12.0,0.0,0.0
7715b7194cb0b2308630075510656066,B,驶测,骑行道,移动,2.422,0.63,3.84444444444444,-71.6466727143365,12.2792655638563,0.976254002134472,0.976254002134472,8.2396743902439,9.198,0.995121951219512,27,27,0,0.0,4.78410526315789,5.828,0.997432605905006,26,26,0,0.0,-72.367838150289,12.2181849710983,0.982658959537572,0.982658959537572,8.18602941176471,9.024,1.0,27.0,27.0,0.0,0.0,4.87741538461538,5.424,1.0,26.0,26.0,0.0,0.0
61f672c7283626788223681647752079,E,驶测,步行道,联通,2.15796139836311,0.457388888888889,4.7180013568002,-71.4656983594406,13.5219576111739,0.96069066862601,0.96069066862601,8.08666099444445,10.1883,0.958333333333333,12,12,0,0.0,4.65536216388889,5.76,1.0,12,12,0,0.0,-72.7117722491794,12.445321393392,0.97,0.97,8.10174792035363,10.0004952,1.0,12.0,12.0,0.0,0.0,4.67011273681247,4.88778525,1.0,12.0,12.0,0.0,0.0
7715b7194cb0b2308630075510656066,B,定点,补给站,移动,,0.237,,-71.4260888784387,21.3633794968258,1.0,1.0,8.1951606557377,8.483,0.99344262295082,10,10,0,0.0,5.08662,6.156,1.0,10,10,0,0.0,,,,,,,,,,,,,,,,,,
7715b7194cb0b2308630075510656066,G,定点,停车场,联通,,0.238,,-71.4201867532468,24.7486220779221,1.0,1.0,9.61703618421053,9.933,1.0,10,10,0,0.0,4.48800996677741,5.858,0.996677740863787,10,10,0,0.0,,,,,,,,,,,,,,,,,,
61f672c7283626788223681647752079,J,驶测,城市道路,移动,204.690884276748,9.33613972222222,21.9245737924782,-71.3733061032859,13.3925439002164,0.989482533493123,0.989667364253731,8.46859247067877,9.89946,0.997999076496845,217,217,0,0.0,4.22939374228536,5.76577,0.992514512679499,219,219,0,0.0,-72.0251670574874,12.9633810752413,0.991941054570573,0.99228643794612,8.20380496528177,9.7143785,0.997287032013022,217.0,217.0,0.0,0.0,4.13829762413618,5.133154,0.995227995758218,219.0,219.0,0.0,0.0
7715b7194cb0b2308630075510656066,A,驶测,步行道,移动,2.862,0.653,4.38284839203675,-71.1062428283183,7.51382594964471,0.95280287744539,0.95280287744539,5.51209239766082,7.474,0.880701754385965,28,28,0,0.0,4.08037068965517,5.573,0.969211822660099,27,27,0,0.0,-70.6802681564246,7.64486033519553,0.988826815642458,0.988826815642458,5.62559090909091,7.1809998,0.924242424242424,28.0,28.0,0.0,0.0,4.0993670886076,4.7530003,1.0,27.0,27.0,0.0,0.0
7715b7194cb0b2308630075510656066,B,驶测,骑行道,联通,2.717,0.608,4.46875,-71.0186518490132,6.94795008622341,0.948170147537842,0.948170147537842,6.83796592398427,9.6,0.783748361730013,25,25,0,0.0,4.77352888318357,5.887,0.998716302952503,26,26,0,0.0,-71.2098604651163,6.74043604651163,0.994186046511628,0.994186046511628,6.67585714285714,8.996,0.80952380952381,25.0,25.0,0.0,0.0,4.8860641025641,5.243,1.0,26.0,26.0,0.0,0.0
61f672c7283626788223681647752079,I,驶测,骑行道,移动,5.07167007052898,0.58495,8.67026253616375,-70.8837871264229,11.8222380987689,0.956053384175405,0.956053384175405,6.89203863095238,8.33249,0.933333333333333,14,14,0,0.0,3.92066857623318,5.73134,0.930493273542601,15,15,0,0.0,-68.061539952519,12.472679458993,0.986725663716814,0.986725663716814,7.16456950724902,8.22365,0.985294117647059,14.0,14.0,0.0,0.0,4.09092316414628,4.72494283333333,0.96,15.0,15.0,0.0,0.0
61f672c7283626788223681647752079,I,驶测,骑行道,联通,5.40014562910795,0.645036111111111,8.37185009658746,-70.691659512021,5.11058590070201,0.896854362182829,0.896854362182829,6.52226857291667,9.60724,0.920833333333333,17,16,0,0.0,4.2720742372549,5.75425,1.0,17,17,0,0.0,-71.463461370131,4.98064034994548,0.910714285714286,0.910714285714286,6.48540410316346,9.06377328571429,0.947368421052632,17.0,16.0,0.0,0.0,4.23990123638584,4.878276625,1.0,17.0,17.0,0.0,0.0
61f672c7283626788223681647752079,E,定点,咖啡厅,联通,,0.395141666666667,,-70.6322413855539,6.64431097629467,1.0,1.0,6.48718044,8.86639,0.996666666666667,10,10,0,0.0,4.46760001,5.41294,1.0,10,10,0,0.0,,,,,,,,,,,,,,,,,,
7715b7194cb0b2308630075510656066,H,定点,停车场,电信,,0.251,,-70.5836036212381,17.1987514068999,1.0,1.0,8.65325490196079,9.814,1.0,10,10,0,0.0,4.49312333333333,5.736,1.0,10,10,0,0.0,,,,,,,,,,,,,,,,,,
61f672c7283626788223681647752079,I,驶测,城市道路,移动,214.129415941536,7.05322888888889,30.3590623974871,-70.5818408400243,10.766793817555,0.974620376687876,0.975556542849436,7.13778524123932,9.19258,0.941239316239316,156,156,0,0.0,4.09844009795229,5.42373,0.955034832172261,159,159,0,0.0,-70.5429888505619,10.3989833728834,0.976216937097133,0.977439430984663,7.28725494525135,9.236873,0.955470038482683,156.0,156.0,0.0,0.0,4.12277155300806,5.11462575,0.970890410958904,159.0,159.0,0.0,0.0
7715b7194cb0b2308630075510656066,F,定点,停车场,联通,,0.246,,-70.5747376494473,10.0036877960749,1.0,1.0,9.73147697368421,9.926,1.0,10,10,0,0.0,4.99984,6.017,1.0,10,10,0,0.0,,,,,,,,,,,,,,,,,,
61f672c7283626788223681647752079,C,定点,咖啡厅,联通,,0.378630555555556,,-70.4707081302502,14.4060398974071,1.0,1.0,8.09714278,8.44288,1.0,10,10,0,0.0,4.46227970666667,5.47284,1.0,10,10,0,0.0,,,,,,,,,,,,,,,,,,
61f672c7283626788223681647752079,E,驶测,骑行道,移动,2.08666555297375,0.564666666666667,3.69539354127582,-70.4453840480687,17.1628530748607,0.990089197224975,0.990089197224975,3.97377850444444,7.26416,0.902222222222222,15,15,0,0.0,3.93927379555556,4.27773,0.997777777777778,15,15,0,0.0,-71.718185896533,16.8513474505036,0.98780487804878,0.98780487804878,4.04291747044835,7.27341361111111,1.0,15.0,15.0,0.0,0.0,4.05290387021576,4.25509666666667,1.0,15.0,15.0,0.0,0.0
7715b7194cb0b2308630075510656066,G,定点,补给站,电信,,0.238,,-70.1734928795559,17.4558648322472,1.0,1.0,9.34714144736842,9.893,1.0,10,10,0,0.0,4.92898,5.882,1.0,10,10,0,0.0,,,,,,,,,,,,,,,,,,
61f672c7283626788223681647752079,D,驶测,步行道,移动,2.03014532768726,0.498005555555556,4.07655156662361,-70.1409459995054,17.3222870826879,0.992734994970381,0.992734994970381,9.71330798974359,10.1052,1.0,13,13,0,0.0,4.72704182380952,4.87668,1.0,14,14,0,0.0,-71.1980654024407,16.9657031664918,1.0,1.0,9.64729998015815,10.023904,1.0,13.0,13.0,0.0,0.0,4.72880934727758,4.8359768,1.0,14.0,14.0,0.0,0.0
7715b7194cb0b2308630075510656066,H,定点,停车场,移动,,0.244,,-69.9987724314272,12.7885867038587,1.0,1.0,4.349625,6.886,0.766447368421053,10,10,0,0.0,2.3886303630363,4.255,0.818481848184819,10,10,0,0.0,,,,,,,,,,,,,,,,,,
61f672c7283626788223681647752079,C,定点,停车场,联通,,0.381833333333333,,-69.8646147089825,13.4043305096071,1.0,1.0,8.58602828666667,9.90681,1.0,10,10,0,0.0,4.77805379,5.40218,1.0,10,10,0,0.0,,,,,,,,,,,,,,,,,,
61f672c7283626788223681647752079,E,定点,补给站,移动,,0.376388888888889,,-69.8515128858197,5.96671501920544,0.813058627480685,0.81684593243448,4.43528749666667,7.70054,0.906666666666667,10,10,0,0.0,4.22789497,4.84782,0.963333333333333,10,10,0,0.0,,,,,,,,,,,,,,,,,,
61f672c7283626788223681647752079,D,定点,停车场,移动,,0.411225,,-69.5044367964672,26.6155658279745,1.0,1.0,9.67331219333333,10.0531,1.0,10,10,0,0.0,4.7647663,4.87375,1.0,10,10,0,0.0,,,,,,,,,,,,,,,,,,
61f672c7283626788223681647752079,D,定点,停车场,电信,,0.370638888888889,,-69.4324518797565,16.4909908132204,1.0,1.0,8.65214323958333,9.88425,0.986111111111111,10,10,0,0.0,4.57566707333333,6.09829,1.0,10,10,0,0.0,,,,,,,,,,,,,,,,,,
7715b7194cb0b2308630075510656066,G,驶测,骑行道,移动,3.658,1.004,3.64342629482072,-69.4124570732248,10.7989780658026,0.995125733909383,0.995125733909383,8.61389792785879,9.619,0.996162701458173,43,43,0,0.0,5.0173882725832,6.004,0.997622820919176,42,42,0,0.0,-69.6668468085106,10.6537276595745,1.0,1.0,8.57722826086957,9.304,1.0,43.0,43.0,0.0,0.0,4.99734408602151,5.437,1.0,42.0,42.0,0.0,0.0
7715b7194cb0b2308630075510656066,G,定点,停车场,移动,,0.238,,-69.3727155576382,21.3338929240862,1.0,1.0,8.88642524916943,9.488,0.996677740863787,10,10,0,0.0,4.51846666666667,5.718,1.0,10,10,0,0.0,,,,,,,,,,,,,,,,,,
61f672c7283626788223681647752079,E,驶测,骑行道,电信,5.16537125635147,0.447988888888889,11.5301325199443,-69.3549196620732,15.9440179420064,0.995354093420392,0.995354093420392,9.47462744568245,10.1283,0.997214484679666,12,12,0,0.0,4.41324780277778,6.07393,1.0,12,12,0,0.0,-70.2976248665689,15.9103801994919,1.0,1.0,9.41128828475121,10.0834415,1.0,12.0,12.0,0.0,0.0,4.45381465053263,5.12089028571429,1.0,12.0,12.0,0.0,0.0
61f672c7283626788223681647752079,C,定点,咖啡厅,移动,,0.3788,,-69.3307304667755,8.53021479663636,1.0,1.0,7.09374292,8.27166,1.0,10,10,0,0.0,4.57431431,6.07393,1.0,10,10,0,0.0,,,,,,,,,,,,,,,,,,
61f672c7283626788223681647752079,C,驶测,步行道,移动,2.1691858626008,0.505163888888889,4.29402399956169,-69.240733674662,14.0553290566152,0.978918322295806,0.980794701986755,5.73735788205128,8.07832,0.956410256410256,13,13,0,0.0,3.45518812857143,5.47835,0.90952380952381,14,14,0,0.0,-69.0845231777584,14.0658689769697,0.990566037735849,0.990566037735849,5.84927348630297,7.97416771428571,1.0,13.0,13.0,0.0,0.0,3.41890476832609,4.8,0.975,14.0,14.0,0.0,0.0
61f672c7283626788223681647752079,E,定点,补给站,电信,,0.376027777777778,,-69.1607780246038,13.5580293631193,0.999552572706935,0.999552572706935,9.3524614180602,10.1098,1.0,10,10,0,0.0,4.67556647666667,6.45812,0.996666666666667,10,10,0,0.0,,,,,,,,,,,,,,,,,,
61f672c7283626788223681647752079,D,驶测,骑行道,联通,2.02233774805069,0.476911111111111,4.24049199302367,-69.0927977788591,7.30100463955953,0.952470147506439,0.952470147506439,9.11714481025641,10.0741,1.0,13,13,0,0.0,4.51469841538462,6.06786,1.0,13,13,0,0.0,-69.7977467800611,6.79519276628076,0.978723404255319,0.978723404255319,9.23290010038296,9.91462733333333,1.0,13.0,13.0,0.0,0.0,4.52150999043705,4.95368725,1.0,13.0,13.0,0.0,0.0
7715b7194cb0b2308630075510656066,G,驶测,骑行道,移动,5.92,0.754,7.85145888594164,-68.8407219806941,17.7172209859259,0.997715717338442,0.997715717338442,8.30398665297741,8.916,0.997946611909651,32,32,0,0.0,4.9859646201873,5.989,0.998959417273673,32,32,0,0.0,-68.6482367688022,17.6867242339833,1.0,1.0,8.2685625,8.692,1.0,32.0,32.0,0.0,0.0,5.0126015037594,5.519,1.0,32.0,32.0,0.0,0.0
7715b7194cb0b2308630075510656066,G,驶测,骑行道,联通,5.92,0.754,7.85145888594164,-68.7705775384128,14.7988203706637,0.988515761127831,0.988594962775226,9.05005761316873,9.891,0.996913580246914,32,32,0,0.0,4.76749739854318,5.836,1.0,32,32,0,0.0,-68.6413938547486,14.6801648044693,0.994413407821229,0.994413407821229,8.85472307692308,9.821,0.992307692307692,32.0,32.0,0.0,0.0,4.75559541984733,5.245,1.0,32.0,32.0,0.0,0.0
7715b7194cb0b2308630075510656066,G,定点,补给站,联通,,0.238,,-68.7258815599422,15.1356391429947,1.0,1.0,8.59381848184819,9.739,0.996699669966997,10,10,0,0.0,4.84847333333333,5.804,1.0,10,10,0,0.0,,,,,,,,,,,,,,,,,,
7715b7194cb0b2308630075510656066,B,定点,咖啡厅,移动,,0.24,,-68.4352762790698,9.60045325581395,1.0,1.0,8.57738110749186,9.17,1.0,10,10,0,0.0,5.03513666666667,5.809,1.0,10,10,0,0.0,,,,,,,,,,,,,,,,,,
7715b7194cb0b2308630075510656066,H,定点,停车场,联通,,0.251,,-68.026550049554,18.7270559960357,1.0,1.0,9.1113322368421,9.876,1.0,10,10,0,0.0,4.80021333333333,5.841,1.0,10,10,0,0.0,,,,,,,,,,,,,,,,,,
61f672c7283626788223681647752079,D,驶测,骑行道,电信,2.02233774805069,0.476752777777778,4.24190029364304,-67.5813300429989,7.34715983956471,0.960805084745763,0.960805084745763,9.18943072777778,10.0892,0.997222222222222,13,13,0,0.0,4.53459093846154,6.05578,0.997435897435897,13,13,0,0.0,-67.342926141773,7.43372800353681,1.0,1.0,9.39094940995874,9.9959305,1.0,13.0,13.0,0.0,0.0,4.50805744767198,4.80444875,1.0,13.0,13.0,0.0,0.0
61f672c7283626788223681647752079,I,定点,停车场,电信,,0.393616666666667,,-67.5063586877383,21.1216090056005,1.0,1.0,8.71556900666667,9.81611,1.0,10,10,0,0.0,4.88342061,7.06118,0.996666666666667,10,10,0,0.0,,,,,,,,,,,,,,,,,,
7715b7194cb0b2308630075510656066,F,定点,补给站,联通,,0.242,,-64.84673275069,20.3954728610856,1.0,1.0,9.71813486842105,9.935,1.0,10,10,0,0.0,5.16526245847176,6.12,0.996677740863787,10,10,0,0.0,,,,,,,,,,,,,,,,,,
7715b7194cb0b2308630075510656066,G,定点,补给站,移动,,0.238,,-64.3784567352666,23.7834679607109,1.0,1.0,8.95002310231023,9.508,0.993399339933993,10,10,0,0.0,5.06909666666667,6.078,1.0,10,10,0,0.0,,,,,,,,,,,,,,,,,,
61f672c7283626788223681647752079,E,定点,咖啡厅,电信,,0.394969444444444,,-64.2982877882427,9.8968856640639,1.0,1.0,7.63411354666667,9.7573,1.0,10,10,0,0.0,4.68990975333333,6.09218,0.996666666666667,10,10,0,0.0,,,,,,,,,,,,,,,,,,
7715b7194cb0b2308630075510656066,H,定点,停车场,电信,,0.244,,-63.9154858875671,15.3553039421507,1.0,1.0,9.23439672131147,9.886,1.0,10,10,0,0.0,4.88161333333333,5.87,1.0,10,10,0,0.0,,,,,,,,,,,,,,,,,,
61f672c7283626788223681647752079,I,定点,停车场,联通,,0.393808333333333,,-63.7824196848515,21.0789539122013,0.999010600706714,0.999010600706714,8.85124283666667,9.92597,1.0,10,10,0,0.0,4.24491173,5.79477,1.0,10,10,0,0.0,,,,,,,,,,,,,,,,,,
61f672c7283626788223681647752079,E,驶测,骑行道,移动,5.16537125635147,0.448333333333333,11.5212741777356,-63.4704260830879,15.4706206873434,0.98725,0.98725,6.93013450833333,8.60016,0.997222222222222,12,12,0,0.0,3.88060703055556,4.25651,1.0,12,12,0,0.0,-64.8344509391002,15.0646293377798,0.987704918032787,0.987704918032787,6.87979774621095,8.077057,1.0,12.0,12.0,0.0,0.0,3.8637875297381,4.22949128571429,1.0,12.0,12.0,0.0,0.0
61f672c7283626788223681647752079,I,定点,休息点,联通,,0.393872222222222,,-62.7614495925839,16.6456544969232,1.0,1.0,5.97020846,8.9403,0.856666666666667,10,10,0,0.0,4.66004889666667,6.03175,0.996666666666667,10,10,0,0.0,,,,,,,,,,,,,,,,,,
7715b7194cb0b2308630075510656066,B,定点,停车场,移动,,0.237,,-62.7025268842451,17.8202263442123,1.0,1.0,8.24294098360656,8.644,0.99672131147541,10,10,0,0.0,5.08385333333333,6.105,1.0,10,10,0,0.0,,,,,,,,,,,,,,,,,,
61f672c7283626788223681647752079,D,定点,补给站,移动,,0.372325,,-61.4736154661875,22.6689646939629,1.0,1.0,6.58037721,6.99738,1.0,10,10,0,0.0,0.948635106666667,0.979657,1.0,10,10,0,0.0,,,,,,,,,,,,,,,,,,
7715b7194cb0b2308630075510656066,H,定点,停车场,联通,,0.244,,-59.9982081879507,19.7035012793673,1.0,1.0,9.34381967213115,9.906,1.0,10,10,0,0.0,4.95039333333333,5.967,1.0,10,10,0,0.0,,,,,,,,,,,,,,,,,,
61f672c7283626788223681647752079,I,驶测,骑行道,移动,5.40014562910795,0.647658333333333,8.33795436756719,-59.4983449028597,7.15903057436561,0.97608190656457,0.97608190656457,7.29063669019608,8.62328,0.970588235294118,17,17,0,0.0,4.39709558039216,5.14056,1.0,17,17,0,0.0,-59.7983651643664,7.28402318749327,0.982142857142857,0.982142857142857,7.17793035510172,8.4927432,0.967213114754098,17.0,17.0,0.0,0.0,4.41837348024062,4.83835333333333,1.0,17.0,17.0,0.0,0.0
7715b7194cb0b2308630075510656066,F,定点,补给站,电信,,0.242,,-59.3703464566929,17.8341824918944,1.0,1.0,9.18748684210526,9.86,1.0,10,10,0,0.0,4.90811333333333,5.958,1.0,10,10,0,0.0,,,,,,,,,,,,,,,,,,
61f672c7283626788223681647752079,C,定点,补给站,移动,,0.375169444444444,,-57.415419933965,27.2520703574745,1.0,1.0,6.7330385037037,8.57108,0.996296296296296,10,9,0,0.0,4.68723211333333,6.35551,1.0,10,10,0,0.0,,,,,,,,,,,,,,,,,,
61f672c7283626788223681647752079,I,驶测,步行道,移动,2.05959138828516,0.317383333333333,6.48928652508059,-55.8846608162428,17.222540604459,0.995962787431982,0.995962787431982,7.9114660543933,9.52903,0.99581589958159,8,8,0,0.0,4.67869345833333,6.39361,1.0,8,8,0,0.0,-62.4906714579894,12.9656273133703,0.989795918367347,0.989795918367347,7.44889074277778,8.90135033333333,1.0,8.0,8.0,0.0,0.0,4.55367604905899,5.5090875,1.0,8.0,8.0,0.0,0.0
61f672c7283626788223681647752079,I,定点,休息点,移动,,0.394047222222222,,-46.8649836549366,26.2584475303732,1.0,1.0,8.44124557333333,9.03373,1.0,10,10,0,0.0,4.67455174,5.14056,1.0,10,10,0,0.0,,,,,,,,,,,,,,,,,,
