vendor,city,scene_l1,scene_l2,operator,test_distance_km,test_duration_h,avg_speed_kmh,x1_平均RSRP,x1_平均SINR,x1_覆盖率1,x1_覆盖率2,x2_平均RSRP,x2_平均SINR,x2_覆盖率1,x2_覆盖率2
61f672c7283626788223681647752079,C,驶测,骑行道,移动,2.2018492013216,0.457469444444444,4.81310659774349,-63.3697949828091,5.7308114733223,0.922959378581434,0.924614796892907,-63.0186882905598,5.43414197940031,0.925925925925926,0.925925925925926
61f672c7283626788223681647752079,C,驶测,骑行道,电信,2.2018492013216,0.457469444444444,4.81310659774349,-69.3471482889734,8.000970373891,0.968821292775665,0.968821292775665,-69.7798201358048,7.75450691254279,0.954128440366973,0.954128440366973
61f672c7283626788223681647752079,C,驶测,骑行道,移动,2.2018492013216,0.457469444444444,4.81310659774349,-73.0477996965099,9.16704207764289,0.926909458775923,0.926909458775923,-73.1668249046812,9.16759124869698,0.917431192660551,0.954128440366973
61f672c7283626788223681647752079,C,驶测,骑行道,移动,2.17412685996294,0.504916666666667,4.30591224947273,-74.4462476854373,8.09691039919399,0.933776277093998,0.935083324256617,-73.6752595797507,8.64020101136129,0.98936170212766,0.98936170212766
61f672c7283626788223681647752079,C,驶测,骑行道,电信,2.17412685996294,0.504916666666667,4.30591224947273,-92.00021602938,3.08208103802117,0.831065024843379,0.832253186433355,-92.9659077535063,2.29446910389653,0.776595744680851,0.776595744680851
61f672c7283626788223681647752079,C,驶测,骑行道,移动,2.17067472726107,0.504916666666667,4.29907521490887,-82.3930207197383,4.80050436205016,0.866521264994547,0.869247546346783,-82.7773399287469,4.81456929428784,0.893617021276596,0.893617021276596
61f672c7283626788223681647752079,C,驶测,步行道,移动,2.1691858626008,0.504916666666667,4.29473247136754,-67.4048224753899,10.4530057515762,0.960070788629576,0.961508682667847,-67.1128263473398,10.602702385035,0.971698113207547,0.971698113207547
61f672c7283626788223681647752079,C,驶测,步行道,电信,2.1691858626008,0.504916666666667,4.29612648146718,-81.9056582881187,9.15560811371941,0.987044624072639,0.987044624072639,-81.2573434507457,9.69109967668706,1.0,1.0
61f672c7283626788223681647752079,C,驶测,步行道,移动,2.1691858626008,0.504752777777778,4.29752139681301,-68.7560513106525,10.7332246932515,0.950808700501952,0.952258784160625,-67.885887214914,10.9930111445211,0.971698113207547,0.971698113207547
61f672c7283626788223681647752079,C,定点,咖啡厅,移动,,0.378722222222222,,-43.6093405786459,16.0690584153326,1.0,1.0,,,,
61f672c7283626788223681647752079,C,定点,咖啡厅,电信,,0.378552777777778,,-101.216438759006,-1.65790187104838,0.710777826790178,0.718423761211587,,,,
61f672c7283626788223681647752079,C,定点,咖啡厅,移动,,0.378391666666667,,-49.9723529411765,14.0390280330882,1.0,1.0,,,,
61f672c7283626788223681647752079,C,定点,停车场,移动,,0.381861111111111,,-67.5163265306122,6.6265943877551,0.998396501457726,0.998396501457726,,,,
61f672c7283626788223681647752079,C,定点,停车场,电信,,0.381694444444444,,-82.3662053896577,10.9128391296431,0.910415149308085,0.910415149308085,,,,
61f672c7283626788223681647752079,C,定点,停车场,移动,,0.381527777777778,,-63.3275058275058,15.0004211283508,1.0,1.0,,,,
61f672c7283626788223681647752079,C,定点,停车场,移动,,0.381944444444444,,-53.5487911447713,16.1622487620157,1.0,1.0,,,,
61f672c7283626788223681647752079,C,定点,停车场,电信,,0.381780555555556,,-61.3468704512373,11.0267922125182,1.0,1.0,,,,
61f672c7283626788223681647752079,C,定点,停车场,移动,,0.381611111111111,,-83.7538282047543,8.52044443634242,0.982645471780662,0.986291381070439,,,,
61f672c7283626788223681647752079,C,定点,补给站,移动,,0.375102777777778,,-72.9270787016452,3.93824338594931,0.988291092337335,0.990366088631985,,,,
61f672c7283626788223681647752079,C,定点,补给站,电信,,0.37495,,-89.8593054318789,2.55615306841793,1.0,1.0,,,,
61f672c7283626788223681647752079,C,定点,补给站,移动,,0.37475,,-73.7281740159811,12.2530241935484,0.956348031962119,0.956348031962119,,,,
61f672c7283626788223681647752079,E,驶测,骑行道,移动,2.14353608834744,0.539633333333333,3.97220845329687,-79.0359170193002,1.65413903653628,0.852100319950459,0.853338837857364,-79.5794853288366,1.74134958640997,0.844444444444444,0.844444444444444
61f672c7283626788223681647752079,E,驶测,骑行道,电信,2.14353608834744,0.539441666666667,3.97361980136394,-87.9319742042854,5.70207672404826,0.867900977740795,0.885479509049303,-88.5201089244335,5.77398506564421,0.888888888888889,0.911111111111111
61f672c7283626788223681647752079,E,驶测,骑行道,移动,2.14247446298599,0.53925,3.97306344550022,-77.0622605363985,4.99082887664964,0.849616858237548,0.850787569178374,-77.6957370578129,4.71777079552256,0.865168539325843,0.876404494382023
61f672c7283626788223681647752079,E,驶测,骑行道,移动,5.16537125635147,0.448277777777778,11.5227020218523,-84.4762529519811,1.47867603647337,0.695880346365783,0.695880346365783,-87.9531103576086,0.688020112155206,0.619246861924686,0.619246861924686
61f672c7283626788223681647752079,E,驶测,骑行道,电信,5.16537125635147,0.448111111111111,11.5269876784436,-81.655453870888,7.95457619651249,0.938164729161514,0.941503833786792,-81.4268823496914,8.20842524294597,0.942622950819672,0.942622950819672
61f672c7283626788223681647752079,E,驶测,骑行道,移动,5.16537125635147,0.44795,11.5311335112211,-79.7923579688286,5.52218844268477,0.895173453996983,0.896807440925088,-78.6497636947566,5.45311841297413,0.925925925925926,0.938271604938272
61f672c7283626788223681647752079,E,驶测,骑行道,移动,2.08666555297375,0.564608333333333,3.69577533624857,-95.0221650504651,1.0526389026321,0.689293489016426,0.693053631506036,-93.0407702827897,2.11922885981095,0.719512195121951,0.731707317073171
61f672c7283626788223681647752079,E,驶测,骑行道,电信,2.08666555297375,0.564444444444444,3.69684842062278,-101.470524233432,1.49376390949555,0.639564787339268,0.717012858555885,-102.251393275003,0.304905816721918,0.597560975609756,0.719512195121951
61f672c7283626788223681647752079,E,驶测,骑行道,移动,2.08588175290823,0.564252777777778,3.69671508064728,-94.5430091029968,0.322360514472742,0.706556203334356,0.70952234836862,-96.6109961697495,-0.210586543286658,0.634146341463415,0.658536585365854
61f672c7283626788223681647752079,E,驶测,骑行道,移动,1.83681998944283,0.4005,4.58631707726049,-61.639549436796,11.2223178278404,0.974412460019469,0.974412460019469,-62.5298362886958,10.7621327600608,0.968421052631579,0.968421052631579
61f672c7283626788223681647752079,E,驶测,骑行道,电信,1.83603561258316,0.400336111111111,4.58623531983498,-79.146828723107,6.56083010268231,0.974294495669181,0.974294495669181,-80.2886581736251,6.15731095721264,0.978947368421053,0.978947368421053
61f672c7283626788223681647752079,E,驶测,骑行道,移动,1.83603561258316,0.400166666666667,4.58817729092002,-56.3220220639575,11.3687639645301,0.996648512777545,0.996648512777545,-56.8430709325899,11.2925916661093,1.0,1.0
61f672c7283626788223681647752079,E,驶测,步行道,移动,2.15796139836311,0.457469444444444,4.71717056640529,-82.654083395016,1.7600292221811,0.76980014803849,0.76980014803849,-83.0382747739444,1.07267031704568,0.71,0.71
61f672c7283626788223681647752079,E,驶测,步行道,电信,2.15796139836311,0.457330555555556,4.71860314634273,-80.5020007275373,6.99122597611253,0.987146841275615,0.987146841275615,-80.0844196672662,7.15371251555521,0.98,0.98
61f672c7283626788223681647752079,E,驶测,步行道,移动,2.15796139836311,0.457166666666667,4.72029471023649,-66.9460458240946,8.78142130142892,0.990145355999015,0.991993101749199,-67.4354511851097,8.59815865950423,1.0,1.0
61f672c7283626788223681647752079,E,驶测,步行道,移动,1.66221134400368,0.349247222222222,4.7594117812225,-91.8773976982097,2.28335797634271,0.816975703324808,0.816975703324808,-92.9119763864705,1.96230859773381,0.807692307692308,0.807692307692308
61f672c7283626788223681647752079,E,驶测,步行道,电信,1.66221134400368,0.349083333333333,4.76164624684749,-94.9139698814483,3.18579031159885,0.848446010893944,0.887696251201538,-94.3004349142781,3.18324249037571,0.846153846153846,0.897435897435897
61f672c7283626788223681647752079,E,驶测,步行道,移动,1.66221134400368,0.348913888888889,4.763958664119,-90.9119196575568,3.6986412372407,0.866315442871255,0.883931511359895,-91.5505976218467,3.53464402672159,0.833333333333333,0.858974358974359
61f672c7283626788223681647752079,E,定点,咖啡厅,移动,,0.39525,,-42.8254325502884,15.7031799479533,1.0,1.0,,,,
61f672c7283626788223681647752079,E,定点,咖啡厅,电信,,0.395083333333333,,-84.3090883511536,9.36736115996061,1.0,1.0,,,,
61f672c7283626788223681647752079,E,定点,咖啡厅,移动,,0.394916666666667,,-50.2902408111534,0.791690871004084,0.952964371215322,0.952964371215322,,,,
61f672c7283626788223681647752079,E,定点,停车场,移动,,0.384861111111111,,-70.6264259927798,11.9686371841155,1.0,1.0,,,,
61f672c7283626788223681647752079,E,定点,停车场,电信,,0.384694444444444,,-87.9485090909091,6.63239772727273,0.996218181818182,0.996218181818182,,,,
61f672c7283626788223681647752079,E,定点,停车场,移动,,0.384527777777778,,-70.0052030640266,6.02162071831189,1.0,1.0,,,,
61f672c7283626788223681647752079,E,定点,停车场,移动,,0.377838888888889,,-66.2886764705882,11.7805147058824,1.0,1.0,,,,
61f672c7283626788223681647752079,E,定点,停车场,电信,,0.377697222222222,,-95.1842958161461,0.718881205804361,0.961991750147319,0.961991750147319,,,,
61f672c7283626788223681647752079,E,定点,停车场,移动,,0.377497222222222,,-57.8123067863978,8.02779515677904,1.0,1.0,,,,
61f672c7283626788223681647752079,E,定点,补给站,移动,,0.376305555555556,,-70.2862629246677,10.6999169128508,1.0,1.0,,,,
61f672c7283626788223681647752079,E,定点,补给站,电信,,0.376136111111111,,-74.7882996011228,9.23274994460038,0.981237996749889,0.981237996749889,,,,
61f672c7283626788223681647752079,E,定点,补给站,移动,,0.375975,,-63.3827050997783,13.6847745750185,0.990687361419069,0.992609016999261,,,,
61f672c7283626788223681647752079,D,驶测,骑行道,移动,2.02233774805069,0.477027777777778,4.23945489604756,-54.8436406067678,8.84317568553092,0.958693115519253,0.958693115519253,-55.208144871156,8.97038873624381,0.968085106382979,0.968085106382979
61f672c7283626788223681647752079,D,驶测,骑行道,电信,2.02233774805069,0.476861111111111,4.24093661850206,-98.0588848962559,1.74481279703257,0.499826127274835,0.771763069433175,-100.855509985645,0.680102209896355,0.468085106382979,0.712765957446808
61f672c7283626788223681647752079,D,驶测,骑行道,移动,2.02233774805069,0.476697222222222,4.24239465592677,-64.5049387123646,5.26849599845293,0.875639652505058,0.875639652505058,-64.4950445868455,5.42171052258577,0.851063829787234,0.851063829787234
61f672c7283626788223681647752079,D,驶测,步行道,移动,2.03014532768726,0.497947222222222,4.07702912494862,-63.1828641644325,10.4584607489946,0.971291331546023,0.971291331546023,-62.6564212202724,10.5509561244233,0.977011494252874,0.977011494252874
61f672c7283626788223681647752079,D,驶测,步行道,电信,2.03014532768726,0.497777777777778,4.07841695294316,-96.5848129536572,5.52639935790061,0.937800111669458,0.956448911222781,-96.9531298857903,5.46597572124014,0.942528735632184,0.954022988505747
61f672c7283626788223681647752079,D,驶测,步行道,移动,2.03014532768726,0.497641666666667,4.07953245009749,-68.5155460770008,4.81538156639353,0.925693119317544,0.925693119317544,-68.9813673024248,4.69779250799664,0.908045977011494,0.908045977011494
61f672c7283626788223681647752079,D,驶测,步行道,移动,2.23328234964609,0.6015,3.71285511163107,-64.390625,6.48216610863095,0.980375744047619,0.980375744047619,-62.8648750766326,7.00024051809199,0.990825688073395,0.990825688073395
61f672c7283626788223681647752079,D,驶测,步行道,电信,2.23328234964609,0.601330555555556,3.7139013293326,-99.2688922284242,0.799816847359382,0.662838127951911,0.6849506225848,-101.536189408695,0.267480642722111,0.588235294117647,0.637254901960784
61f672c7283626788223681647752079,D,驶测,步行道,移动,2.23328234964609,0.601141666666667,3.71506830000597,-77.3276406162985,3.90174697187674,0.894653796175979,0.894653796175979,-76.2370395085443,4.70511812500163,0.899082568807339,0.899082568807339
61f672c7283626788223681647752079,D,定点,停车场,移动,,0.370919444444444,,-75.0820828331333,2.11577599789916,1.0,1.0,,,,
61f672c7283626788223681647752079,D,定点,停车场,电信,,0.37075,,-77.2773613193403,6.47012040854573,1.0,1.0,,,,
61f672c7283626788223681647752079,D,定点,停车场,移动,,0.370580555555556,,-76.0754688672168,0.991243904726182,0.994448612153038,0.994448612153038,,,,
61f672c7283626788223681647752079,D,定点,停车场,移动,,0.411194444444444,,-78.3049654985793,5.5028286091192,1.0,1.0,,,,
61f672c7283626788223681647752079,D,定点,停车场,电信,,0.410975,,-106.666711736074,-3.16877366143862,0.0896430502974581,0.681990265008112,,,,
61f672c7283626788223681647752079,D,定点,停车场,移动,,0.410833333333333,,-57.9380411255411,13.0614705932089,1.0,1.0,,,,
61f672c7283626788223681647752079,D,定点,咖啡厅,移动,,0.384108333333333,,-76.818741940106,12.8168769701963,0.846826192864307,0.846826192864307,,,,
61f672c7283626788223681647752079,D,定点,咖啡厅,电信,,0.383913888888889,,-101.184397163121,5.39302600472813,0.862588652482269,0.883274231678487,,,,
61f672c7283626788223681647752079,D,定点,咖啡厅,移动,,0.38375,,-62.9004780530204,14.7321250724323,1.0,1.0,,,,
61f672c7283626788223681647752079,D,定点,补给站,移动,,0.372252777777778,,-60.4808726838016,12.0676390653019,1.0,1.0,,,,
61f672c7283626788223681647752079,D,定点,补给站,电信,,0.372086111111111,,-100.128370098039,0.0764375574448529,0.853094362745098,0.865042892156863,,,,
61f672c7283626788223681647752079,D,定点,补给站,移动,,0.371925,,-66.6647243388615,12.0780222807411,1.0,1.0,,,,
61f672c7283626788223681647752079,I,驶测,骑行道,移动,5.37331341260672,0.638491666666667,8.41563593250768,-56.1417392068935,6.18268047129166,0.900993581289018,0.900993581289018,-56.7645848130733,5.74085971369367,0.887387387387387,0.887387387387387
61f672c7283626788223681647752079,I,驶测,骑行道,电信,5.39874204570055,0.643863888888889,8.38491199594548,-93.6440036900369,-3.33892124077491,0.151937269372694,0.197970479704797,-99.6416019297853,-3.29510572558529,0.0652173913043478,0.119565217391304
61f672c7283626788223681647752079,I,驶测,骑行道,移动,5.35852092331648,0.636761111111111,8.41527667097347,-76.371688493452,3.43459462161352,0.769169249225232,0.788863340997701,-76.4392768917919,3.13222771992037,0.763546798029557,0.768472906403941
61f672c7283626788223681647752079,I,驶测,骑行道,移动,5.07167007052898,0.584886111111111,8.67120961531179,-65.1953443258972,11.4417889185257,0.935305528612997,0.935305528612997,-63.3005354723533,11.3096964440249,0.955555555555556,0.96
61f672c7283626788223681647752079,I,驶测,骑行道,电信,5.07167007052898,0.584722222222222,8.67364002560776,-90.6127900396152,-3.41077744765139,0.343746462931522,0.368534238822864,-95.8167127957658,-3.44408043563362,0.285714285714286,0.329192546583851
61f672c7283626788223681647752079,I,驶测,骑行道,移动,5.07167007052898,0.584552777777778,8.67615425558207,-68.5923189110355,8.61154745989305,0.929411764705882,0.929411764705882,-68.2873692443193,9.38712200596835,0.96875,0.973214285714286
61f672c7283626788223681647752079,I,驶测,步行道,移动,2.05959138828516,0.317305555555556,6.49087717572142,-60.951566951567,10.5938251201923,0.96545584045584,0.96545584045584,-72.0058468188609,7.7150820741695,0.926315789473684,0.926315789473684
61f672c7283626788223681647752079,I,驶测,步行道,电信,2.05306912571192,0.317166666666667,6.47315541475119,-106.66592920354,2.85644198859769,0.271953710006807,0.546630360789653,-102.721482891855,-0.416833754991095,0.188235294117647,0.341176470588235
61f672c7283626788223681647752079,I,驶测,步行道,移动,2.04708282619715,0.316969444444444,6.4582970443258,-80.3973641451526,6.62034268369742,0.901065174219173,0.90305109225492,-85.4612126074168,7.86314578304161,0.895833333333333,0.90625
61f672c7283626788223681647752079,I,定点,咖啡厅,移动,,0.397802777777778,,-61.1163732886281,13.4542426306231,1.0,1.0,,,,
61f672c7283626788223681647752079,I,定点,咖啡厅,电信,,0.397583333333333,,-109.345174825175,7.15406468531468,0.0237762237762238,0.748671328671329,,,,
61f672c7283626788223681647752079,I,定点,咖啡厅,移动,,0.397444444444444,,-84.2401165210154,13.1247940941878,0.790123456790123,0.790123456790123,,,,
61f672c7283626788223681647752079,I,定点,休息点,移动,,0.393972222222222,,-47.7803810868031,14.1269407198306,1.0,1.0,,,,
61f672c7283626788223681647752079,I,定点,休息点,电信,,0.393805555555556,,-116.721484653819,-3.53375936830835,0.0806566738044254,0.204282655246253,,,,
61f672c7283626788223681647752079,I,定点,休息点,移动,,0.393611111111111,,-68.7276968754418,7.44761107380178,0.994768839247844,0.994768839247844,,,,
61f672c7283626788223681647752079,I,定点,停车场,移动,,0.402302777777778,,-64.6232725262576,14.5440656958264,1.0,1.0,,,,
61f672c7283626788223681647752079,I,定点,停车场,电信,,0.402111111111111,,-93.3619640387275,7.94922415283541,0.944674965421853,0.944674965421853,,,,
61f672c7283626788223681647752079,I,定点,停车场,移动,,0.401944444444444,,-99.5922125386562,11.3711519538937,0.753725049198763,0.753725049198763,,,,
61f672c7283626788223681647752079,I,定点,停车场,移动,,0.393916666666667,,-74.737012987013,3.76487727625635,0.99802371541502,0.99802371541502,,,,
61f672c7283626788223681647752079,I,定点,停车场,电信,,0.39375,,-86.4654388358345,0.117986869031378,0.398362892223738,0.398362892223738,,,,
61f672c7283626788223681647752079,I,定点,停车场,移动,,0.393583333333333,,-44.9623815584783,15.8925761914864,1.0,1.0,,,,
61f672c7283626788223681647752079,J,驶测,骑行道,移动,5.61482901751995,0.419086111111111,13.3977931233119,-90.4540145985401,-6.07766879562044,0.255961070559611,0.255961070559611,-92.4684023319244,-6.22595430698996,0.159090909090909,0.159090909090909
61f672c7283626788223681647752079,J,驶测,骑行道,电信,5.61482901751995,0.418938888888889,13.4025013347689,-101.578139596957,2.8419962798612,0.499799813158948,0.501401307887362,,,,
61f672c7283626788223681647752079,J,驶测,骑行道,移动,5.61482901751995,0.418752777777778,13.4084579625156,-70.077091306725,4.2697725874795,0.89898851831602,0.89898851831602,,,,
61f672c7283626788223681647752079,J,驶测,步行道,移动,2.12726338416338,0.450038888888889,4.72684347216177,-90.4540145985401,-6.07766879562044,0.255961070559611,0.255961070559611,-92.4684023319244,-6.22595430698996,0.159090909090909,0.159090909090909
61f672c7283626788223681647752079,J,驶测,步行道,电信,2.12726338416338,0.449866666666667,4.72865304719186,-119.371935390828,-7.16232964378425,0.0674935102394001,0.0710989327949236,,,,
61f672c7283626788223681647752079,J,驶测,步行道,移动,2.12726338416338,0.449697222222222,4.7304347882144,-75.8582340756085,5.27646175880373,0.948990160538581,0.948990160538581,,,,
61f672c7283626788223681647752079,J,定点,补给站,移动,,0.436169444444444,,-86.5421052631579,-5.1874177631579,0.249473684210526,0.249473684210526,,,,
61f672c7283626788223681647752079,J,定点,补给站,电信,,0.436,,-107.664991835197,1.42339412448185,0.213164175354855,0.708956161286271,,,,
61f672c7283626788223681647752079,J,定点,补给站,移动,,0.435833333333333,,-61.6596531497067,9.10247903914818,0.998469778117827,0.998469778117827,,,,
61f672c7283626788223681647752079,J,定点,停车场,移动,,0.486330555555556,,-91.7990543735225,-6.08035978132388,0.256501182033097,0.256501182033097,,,,
61f672c7283626788223681647752079,J,定点,停车场,电信,,0.486161111111111,,-108.192205826712,-3.57079234455795,0.0501954849287426,0.33774750914365,,,,
61f672c7283626788223681647752079,J,定点,停车场,移动,,0.485975,,-80.5804091896217,0.56698444107898,0.869813692993485,0.870613784432507,,,,
61f672c7283626788223681647752079,J,定点,停车场,移动,,0.441755555555556,,-96.1542056074766,-2.39099007009346,0.446105919003115,0.446105919003115,,,,
61f672c7283626788223681647752079,J,定点,停车场,电信,,0.441583333333333,,-91.6197431377487,7.35490509317552,0.983001762780156,0.983001762780156,,,,
61f672c7283626788223681647752079,J,定点,停车场,移动,,0.441419444444444,,-67.0069260798388,10.7806695472862,1.0,1.0,,,,
61f672c7283626788223681647752079,J,定点,咖啡厅,移动,,0.436608333333333,,-88.4167820548325,-0.389564871226807,0.527277762392689,0.527277762392689,,,,
61f672c7283626788223681647752079,J,定点,咖啡厅,电信,,0.436447222222222,,-81.5532891381948,9.01120681412545,0.998215196328404,0.998215196328404,,,,
61f672c7283626788223681647752079,J,定点,咖啡厅,移动,,0.436277777777778,,-78.8944012243336,5.38329175168984,1.0,1.0,,,,
7715b7194cb0b2308630075510656066,A,驶测,骑行道,移动,5.621,0.578,9.72491349480969,-73.4346153846154,11.8697076923077,0.998717948717949,0.998717948717949,-74.5451882352941,11.7007921568627,0.996078431372549,0.996078431372549
7715b7194cb0b2308630075510656066,A,驶测,骑行道,移动,5.621,0.578,9.72491349480969,-61.3104325699746,10.9165178117048,0.986005089058524,0.986005089058524,-62.943484496124,10.6110968992248,0.972868217054264,0.972868217054264
7715b7194cb0b2308630075510656066,A,驶测,骑行道,电信,5.621,0.578,9.72491349480969,-71.7919293820933,4.80647162673392,0.906683480453972,0.906683480453972,-70.0677403100775,5.57840310077519,0.895348837209302,0.895348837209302
7715b7194cb0b2308630075510656066,A,驶测,步行道,移动,6.099,0.567,10.7566137566138,-95.1255742725881,7.56974578866769,0.891271056661562,0.934150076569678,-95.8932490118577,6.4250790513834,0.853754940711462,0.909090909090909
7715b7194cb0b2308630075510656066,A,驶测,步行道,移动,6.099,0.567,10.7566137566138,-78.4179894179894,2.79814021164021,0.884920634920635,0.884920634920635,-79.1846312056738,2.11226241134752,0.843971631205674,0.843971631205674
7715b7194cb0b2308630075510656066,A,驶测,步行道,电信,6.099,0.567,10.7566137566138,-77.2744845360825,6.4968324742268,0.972938144329897,0.972938144329897,-77.2366785714286,6.40165,0.978571428571428,0.978571428571428
7715b7194cb0b2308630075510656066,A,驶测,步行道,移动,2.859,0.645,4.43255813953488,-66.3790322580645,14.7603686635945,0.998847926267281,0.998847926267281,-66.7607723577236,14.5673333333333,1.0,1.0
7715b7194cb0b2308630075510656066,A,驶测,步行道,移动,2.859,0.645,4.43255813953488,-63.6,11.3718052287582,0.989542483660131,0.989542483660131,-63.2020650406504,11.1127398373984,1.0,1.0
7715b7194cb0b2308630075510656066,A,驶测,步行道,电信,2.859,0.645,4.43255813953488,-70.1173708920188,8.31284976525822,0.990610328638498,0.990610328638498,-69.3979745762712,8.33931355932203,1.0,1.0
7715b7194cb0b2308630075510656066,A,定点,停车场,移动,,0.226,,-104.750798722045,9.08355591054313,0.677316293929712,0.97444089456869,,,,
7715b7194cb0b2308630075510656066,A,定点,停车场,移动,,0.226,,-90.8584905660377,0.935786163522012,1.0,1.0,,,,
7715b7194cb0b2308630075510656066,A,定点,停车场,电信,,0.226,,-102.200657894737,-3.74907236842105,0.539473684210526,0.5625,,,,
7715b7194cb0b2308630075510656066,A,定点,停车场,移动,,0.226,,-89.4335443037975,7.54485443037975,1.0,1.0,,,,
7715b7194cb0b2308630075510656066,A,定点,停车场,移动,,0.226,,-70.3091482649842,10.1185552050473,1.0,1.0,,,,
7715b7194cb0b2308630075510656066,A,定点,停车场,电信,,0.226,,-84.397212543554,2.19811846689895,0.989547038327526,0.989547038327526,,,,
7715b7194cb0b2308630075510656066,A,定点,咖啡厅,移动,,0.226,,-65.0345911949686,16.0661886792453,1.0,1.0,,,,
7715b7194cb0b2308630075510656066,A,定点,咖啡厅,移动,,0.226,,-60.6163522012579,14.3533176100629,1.0,1.0,,,,
7715b7194cb0b2308630075510656066,A,定点,咖啡厅,电信,,0.226,,-82.4811320754717,7.08979245283019,1.0,1.0,,,,
7715b7194cb0b2308630075510656066,A,定点,补给站,移动,,0.226,,-98.0379746835443,11.3013607594937,1.0,1.0,,,,
7715b7194cb0b2308630075510656066,A,定点,补给站,移动,,0.226,,-84.4556962025316,2.44468037974684,0.974683544303797,0.974683544303797,,,,
7715b7194cb0b2308630075510656066,A,定点,补给站,电信,,0.226,,-64.3312302839117,11.3946750788644,1.0,1.0,,,,
7715b7194cb0b2308630075510656066,H,驶测,骑行道,移动,2.577,0.546,4.71978021978022,-59.8300132802125,10.3298167330677,0.9800796812749,0.9800796812749,-60.9916610169492,10.0463644067797,0.983050847457627,0.983050847457627
7715b7194cb0b2308630075510656066,H,驶测,骑行道,电信,2.577,0.546,4.71978021978022,-68.4649933949802,3.19497225891678,0.922060766182299,0.922060766182299,-69.9032941176471,2.3978487394958,0.890756302521008,0.890756302521008
7715b7194cb0b2308630075510656066,H,驶测,骑行道,移动,2.577,0.546,4.71978021978022,-73.0104031209363,8.20936540962289,0.957087126137841,0.957087126137841,-71.8754224137931,9.13822413793103,0.982758620689655,0.982758620689655
7715b7194cb0b2308630075510656066,H,驶测,骑行道,移动,2.794,0.965,2.89533678756477,-53.8271513353116,7.37710979228487,0.98813056379822,0.98813056379822,-53.252,8.54808130081301,0.991869918699187,0.991869918699187
7715b7194cb0b2308630075510656066,H,驶测,骑行道,电信,2.794,0.965,2.89533678756477,-61.2780303030303,5.31375681818182,0.95,0.95,-61.7721382113821,5.16786991869919,0.943089430894309,0.943089430894309
7715b7194cb0b2308630075510656066,H,驶测,骑行道,移动,2.794,0.965,2.89533678756477,-72.9525244913338,6.33965561416729,0.966088922381311,0.966088922381311,-72.4978360655738,6.59096721311475,0.983606557377049,0.983606557377049
7715b7194cb0b2308630075510656066,H,驶测,骑行道,移动,4.802,1.0,4.802,-68.4677023712183,8.05360793131644,0.988961569910057,0.988961569910057,-69.9562844827586,7.7772025862069,0.995689655172414,0.995689655172414
7715b7194cb0b2308630075510656066,H,驶测,骑行道,电信,4.802,1.0,4.802,-75.0817204301075,5.3669146953405,0.957706093189964,0.957706093189964,-74.859331838565,5.5167264573991,0.946188340807175,0.946188340807175
7715b7194cb0b2308630075510656066,H,驶测,骑行道,移动,4.802,1.0,4.802,-76.8048611111111,7.00635625,0.920138888888889,0.920138888888889,-76.3545982142857,6.98345089285714,0.9375,0.9375
7715b7194cb0b2308630075510656066,H,驶测,骑行道,移动,0.965,0.215,4.48837209302326,-60.004854368932,9.84468932038835,0.951456310679612,0.951456310679612,-59.4945106382979,9.98625531914894,0.978723404255319,0.978723404255319
7715b7194cb0b2308630075510656066,H,驶测,骑行道,电信,0.965,0.215,4.48837209302326,-73.8211920529801,4.08002317880795,0.996688741721854,0.996688741721854,-73.7453958333333,4.2685625,1.0,1.0
7715b7194cb0b2308630075510656066,H,驶测,骑行道,移动,0.965,0.215,4.48837209302326,-69.8922558922559,11.8164107744108,1.0,1.0,-69.6591489361702,11.773829787234,1.0,1.0
7715b7194cb0b2308630075510656066,H,定点,停车场,移动,,0.226,,-50.5196850393701,15.2877606299213,1.0,1.0,,,,
7715b7194cb0b2308630075510656066,H,定点,停车场,电信,,0.226,,-79.2610062893082,11.1497264150943,1.0,1.0,,,,
7715b7194cb0b2308630075510656066,H,定点,停车场,移动,,0.226,,-61.6498422712934,15.6336529968454,1.0,1.0,,,,
7715b7194cb0b2308630075510656066,H,定点,停车场,移动,,0.226,,-78.2460567823344,1.96750788643533,0.984227129337539,0.984227129337539,,,,
7715b7194cb0b2308630075510656066,H,定点,停车场,电信,,0.226,,-84.1006289308176,6.95032704402516,1.0,1.0,,,,
7715b7194cb0b2308630075510656066,H,定点,停车场,移动,,0.226,,-72.4182389937107,10.4652610062893,1.0,1.0,,,,
7715b7194cb0b2308630075510656066,H,定点,咖啡厅,移动,,0.226,,-81.820189274448,7.53846372239748,1.0,1.0,,,,
7715b7194cb0b2308630075510656066,H,定点,咖啡厅,电信,,0.226,,-82.9905660377358,4.43410691823899,1.0,1.0,,,,
7715b7194cb0b2308630075510656066,H,定点,咖啡厅,移动,,0.226,,-99.0660066006601,3.30884158415842,0.94059405940594,0.966996699669967,,,,
7715b7194cb0b2308630075510656066,H,定点,补给站,移动,,0.226,,-76.5451807228916,9.13253915662651,0.987951807228916,0.987951807228916,,,,
7715b7194cb0b2308630075510656066,H,定点,补给站,电信,,0.226,,-77.4182389937107,2.17663836477987,1.0,1.0,,,,
7715b7194cb0b2308630075510656066,H,定点,补给站,移动,,0.226,,-74.3820598006645,10.1248936877076,0.970099667774086,0.970099667774086,,,,
7715b7194cb0b2308630075510656066,F,驶测,骑行道,移动,2.504,0.517,4.84332688588008,-71.8843441466855,7.58239774330042,0.967559943582511,0.967559943582511,-72.4621363636364,7.18372727272727,0.963636363636364,0.963636363636364
7715b7194cb0b2308630075510656066,F,驶测,骑行道,电信,2.504,0.517,4.84332688588008,-105.673214285714,-3.66366785714286,0.355357142857143,0.4625,-106.500808080808,-4.20768686868687,0.272727272727273,0.373737373737374
7715b7194cb0b2308630075510656066,F,驶测,骑行道,移动,2.504,0.517,4.84332688588008,-77.0489510489511,1.22888391608392,0.755244755244755,0.755244755244755,-76.653018018018,1.25615315315315,0.765765765765766,0.765765765765766
7715b7194cb0b2308630075510656066,F,驶测,骑行道,移动,2.608,0.638,4.08777429467085,-59.3398392652124,9.14938117106774,0.988518943742824,0.988518943742824,-58.5707456140351,9.19164035087719,0.991228070175439,0.991228070175439
7715b7194cb0b2308630075510656066,F,驶测,骑行道,电信,2.608,0.638,4.08777429467085,-90.5037313432836,5.00618034825871,0.894278606965174,0.895522388059702,-90.2369541284404,5.18351376146789,0.908256880733945,0.908256880733945
7715b7194cb0b2308630075510656066,F,驶测,骑行道,移动,2.608,0.638,4.08777429467085,-64.4783105022831,10.518098173516,0.988584474885845,0.988584474885845,-64.6285575221239,10.3842123893805,0.991150442477876,0.991150442477876
7715b7194cb0b2308630075510656066,F,驶测,骑行道,移动,6.052,0.637,9.50078492935636,-66.2927107061503,10.7099703872437,0.972665148063781,0.972665148063781,-67.16436996337,11.0824358974359,0.970695970695971,0.970695970695971
7715b7194cb0b2308630075510656066,F,驶测,骑行道,电信,6.052,0.637,9.50078492935636,-103.911688311688,1.00311688311688,0.54025974025974,0.67012987012987,-104.235420560748,2.08718691588785,0.570093457943925,0.682242990654206
7715b7194cb0b2308630075510656066,F,驶测,骑行道,移动,6.052,0.637,9.50078492935636,-74.3813559322034,8.49201694915254,0.928571428571429,0.928571428571429,-75.2946718146718,7.57354054054054,0.868725868725869,0.868725868725869
7715b7194cb0b2308630075510656066,F,驶测,骑行道,移动,2.832,0.587,4.82453151618399,-67.8568155784651,6.71078006872852,0.964490263459336,0.964490263459336,-67.1758125,7.1180078125,0.9609375,0.9609375
7715b7194cb0b2308630075510656066,F,驶测,骑行道,电信,2.832,0.587,4.82453151618399,-74.8372093023256,8.03275887392901,0.966952264381885,0.966952264381885,-75.171,7.89868702290076,0.969465648854962,0.969465648854962
7715b7194cb0b2308630075510656066,F,驶测,骑行道,移动,2.832,0.587,4.82453151618399,-69.0641183723798,3.80371146732429,0.938347718865598,0.938347718865598,-68.647125,3.8748046875,0.9453125,0.9453125
7715b7194cb0b2308630075510656066,F,驶测,骑行道,移动,2.26,0.263,8.59315589353612,-67.7115987460815,5.92234169278997,0.943573667711599,0.943573667711599,-70.6202857142857,2.75692857142857,0.877551020408163,0.877551020408163
7715b7194cb0b2308630075510656066,F,驶测,骑行道,电信,2.248,0.263,8.54752851711027,-86.2200557103064,7.60561002785515,0.955431754874652,0.96100278551532,-90.5158981481482,7.64700925925926,0.953703703703704,0.972222222222222
7715b7194cb0b2308630075510656066,F,驶测,骑行道,移动,2.245,0.262,8.56870229007634,-70.7612359550562,7.25512359550562,0.98314606741573,0.98314606741573,-74.2979417475728,4.83566990291262,0.951456310679612,0.951456310679612
7715b7194cb0b2308630075510656066,F,驶测,骑行道,移动,3.814,0.402,9.48756218905473,-65.5553539019964,8.76520508166969,0.963702359346643,0.963702359346643,-64.8258692810458,8.862,0.947712418300653,0.947712418300653
7715b7194cb0b2308630075510656066,F,驶测,骑行道,电信,3.814,0.402,9.48756218905473,-94.4569288389513,5.50112921348315,0.852059925093633,0.861423220973783,-93.4883684210526,4.40123026315789,0.855263157894737,0.855263157894737
7715b7194cb0b2308630075510656066,F,驶测,骑行道,移动,3.814,0.402,9.48756218905473,-77.3592592592593,6.38105925925926,0.962962962962963,0.962962962962963,-75.511013986014,7.73730769230769,0.951048951048951,0.951048951048951
7715b7194cb0b2308630075510656066,F,定点,停车场,移动,,0.226,,-78.7830188679245,10.2829968553459,1.0,1.0,,,,
7715b7194cb0b2308630075510656066,F,定点,停车场,电信,,0.226,,-102.294326241135,-3.46358156028369,0.539007092198582,0.570921985815603,,,,
7715b7194cb0b2308630075510656066,F,定点,停车场,移动,,0.226,,-77.198738170347,-0.0881703470031546,0.977917981072555,0.977917981072555,,,,
7715b7194cb0b2308630075510656066,F,定点,停车场,移动,,0.226,,-66.2463235294118,16.6038088235294,1.0,1.0,,,,
7715b7194cb0b2308630075510656066,F,定点,停车场,电信,,0.226,,-49.7791798107256,15.7227728706625,1.0,1.0,,,,
7715b7194cb0b2308630075510656066,F,定点,停车场,移动,,0.226,,-67.4779874213836,13.3546981132075,1.0,1.0,,,,
7715b7194cb0b2308630075510656066,F,定点,咖啡厅,移动,,0.226,,-60.8832807570978,12.4940757097792,1.0,1.0,,,,
7715b7194cb0b2308630075510656066,F,定点,咖啡厅,电信,,0.226,,-95.612676056338,0.153556338028169,0.940140845070423,0.940140845070423,,,,
7715b7194cb0b2308630075510656066,F,定点,咖啡厅,移动,,0.226,,-61.0031446540881,16.7953459119497,1.0,1.0,,,,
7715b7194cb0b2308630075510656066,F,定点,补给站,移动,,0.226,,-75.6572327044025,6.6663962264151,1.0,1.0,,,,
7715b7194cb0b2308630075510656066,F,定点,补给站,电信,,0.226,,-82.3238993710692,8.73790566037736,1.0,1.0,,,,
7715b7194cb0b2308630075510656066,F,定点,补给站,移动,,0.226,,-74.475,3.9264,1.0,1.0,,,,
7715b7194cb0b2308630075510656066,B,驶测,骑行道,移动,2.418,0.623,3.88121990369181,-73.732246798603,8.56373690337602,0.981373690337602,0.981373690337602,-75.0202831858407,7.74946902654867,0.973451327433628,0.973451327433628
7715b7194cb0b2308630075510656066,B,驶测,骑行道,电信,2.418,0.623,3.88121990369181,-85.1498740554156,4.50701637279597,0.926952141057935,0.926952141057935,-87.137375,3.71050892857143,0.883928571428571,0.883928571428571
7715b7194cb0b2308630075510656066,B,驶测,骑行道,移动,2.418,0.623,3.88121990369181,-65.2381477398015,9.64480044101433,0.972436604189636,0.972436604189636,-65.2386929824561,9.92830701754386,0.991228070175439,0.991228070175439
7715b7194cb0b2308630075510656066,B,驶测,骑行道,移动,2.716,0.607,4.47446457990115,-65.1966426858513,10.2103033573141,0.989208633093525,0.989208633093525,-65.6326666666667,9.87193162393162,0.982905982905983,0.982905982905983
7715b7194cb0b2308630075510656066,B,驶测,骑行道,电信,2.716,0.607,4.47446457990115,-66.5529411764706,6.67071647058824,0.96,0.96,-66.077094017094,6.65910256410256,0.965811965811966,0.965811965811966
7715b7194cb0b2308630075510656066,B,驶测,骑行道,移动,2.716,0.607,4.47446457990115,-68.1081081081081,10.4577955346651,0.99529964747356,0.99529964747356,-68.335731092437,10.5447142857143,1.0,1.0
7715b7194cb0b2308630075510656066,B,驶测,骑行道,移动,2.708,0.691,3.91895803183792,-66.8698845750262,9.86646169989507,0.985309548793284,0.985309548793284,-66.0219448818898,10.0665826771654,0.976377952755905,0.976377952755905
7715b7194cb0b2308630075510656066,B,驶测,骑行道,电信,2.708,0.691,3.91895803183792,-74.5167206040992,3.8748306364617,0.866235167206041,0.866235167206041,-73.8787165354331,3.97577165354331,0.858267716535433,0.858267716535433
7715b7194cb0b2308630075510656066,B,驶测,骑行道,移动,2.708,0.691,3.91895803183792,-73.0849539406346,6.11127635619243,0.943705220061412,0.943705220061412,-72.29128125,6.4413203125,0.953125,0.953125
7715b7194cb0b2308630075510656066,B,定点,停车场,移动,,0.226,,-94.1823899371069,12.4551949685535,1.0,1.0,,,,
7715b7194cb0b2308630075510656066,B,定点,停车场,电信,,0.226,,-85.7444794952681,13.1742365930599,1.0,1.0,,,,
7715b7194cb0b2308630075510656066,B,定点,停车场,移动,,0.226,,-61.377358490566,15.1416886792453,1.0,1.0,,,,
7715b7194cb0b2308630075510656066,B,定点,停车场,移动,,0.226,,-53.9685534591195,14.8956823899371,1.0,1.0,,,,
7715b7194cb0b2308630075510656066,B,定点,停车场,电信,,0.226,,-72.2169811320755,7.02790251572327,1.0,1.0,,,,
7715b7194cb0b2308630075510656066,B,定点,停车场,移动,,0.226,,-73.9179810725552,8.04004416403786,1.0,1.0,,,,
7715b7194cb0b2308630075510656066,B,定点,咖啡厅,移动,,0.226,,-71.3081761006289,2.5925786163522,1.0,1.0,,,,
7715b7194cb0b2308630075510656066,B,定点,咖啡厅,电信,,0.226,,-74.7138364779874,7.84067295597484,1.0,1.0,,,,
7715b7194cb0b2308630075510656066,B,定点,咖啡厅,移动,,0.226,,-80.2965299684543,-1.11725552050473,0.962145110410095,0.962145110410095,,,,
7715b7194cb0b2308630075510656066,B,定点,补给站,移动,,0.226,,-87.7075471698113,0.283867924528302,0.99685534591195,0.99685534591195,,,,
7715b7194cb0b2308630075510656066,B,定点,补给站,电信,,0.226,,-90.0283018867924,10.5326477987421,1.0,1.0,,,,
7715b7194cb0b2308630075510656066,B,定点,补给站,移动,,0.226,,-72.609756097561,10.1321829268293,0.947154471544715,0.947154471544715,,,,
7715b7194cb0b2308630075510656066,G,驶测,骑行道,移动,3.658,1.0,3.658,-63.559665038381,12.0587913468248,0.993021632937893,0.993021632937893,-65.6566783216783,11.1825174825175,0.986013986013986,0.986013986013986
7715b7194cb0b2308630075510656066,G,驶测,骑行道,电信,3.658,1.0,3.658,-103.076830732293,0.0587995198079232,0.482593037214886,0.590636254501801,-106.022767676768,-2.23948484848485,0.353535353535354,0.484848484848485
7715b7194cb0b2308630075510656066,G,驶测,骑行道,移动,3.658,1.0,3.658,-72.3143063583815,5.98704046242775,0.941473988439306,0.941473988439306,-74.2711830985915,4.36302112676056,0.943661971830986,0.943661971830986
7715b7194cb0b2308630075510656066,G,驶测,骑行道,移动,5.92,0.753,7.86188579017264,-78.7984790874525,9.95457414448669,0.96958174904943,0.972433460076046,-79.1663228346457,9.16031102362205,0.968503937007874,0.968503937007874
7715b7194cb0b2308630075510656066,G,驶测,骑行道,电信,5.919,0.752,7.87101063829787,-122.896103896104,-9.52064935064935,0.0,0.0,-123.233652173913,-10.3693913043478,0.0,0.0
7715b7194cb0b2308630075510656066,G,驶测,骑行道,移动,5.92,0.753,7.86188579017264,-77.9608610567515,7.14870547945205,0.975538160469667,0.975538160469667,-77.6335564202335,6.80921011673152,0.957198443579767,0.957198443579767
7715b7194cb0b2308630075510656066,G,驶测,骑行道,移动,2.784,0.674,4.13056379821958,-64.0704375667022,9.94310672358591,0.988260405549626,0.988260405549626,-63.4065984251968,10.1596771653543,0.992125984251969,0.992125984251969
7715b7194cb0b2308630075510656066,G,驶测,骑行道,电信,2.784,0.674,4.13056379821958,-112.905769230769,-6.24782692307692,0.0596153846153846,0.178846153846154,-113.701629213483,-7.24325842696629,0.0224719101123596,0.0898876404494382
7715b7194cb0b2308630075510656066,G,驶测,骑行道,移动,2.784,0.673,4.13670133729569,-77.8369565217391,10.5855445652174,0.953260869565217,0.977173913043478,-77.1703858267716,10.9026299212598,0.968503937007874,0.976377952755905
7715b7194cb0b2308630075510656066,G,定点,停车场,移动,,0.226,,-79.2358208955224,11.8292925373134,0.967164179104478,0.967164179104478,,,,
7715b7194cb0b2308630075510656066,G,定点,停车场,电信,,0.226,,-126.903225806452,-10.4516129032258,0.0,0.0,,,,
7715b7194cb0b2308630075510656066,G,定点,停车场,移动,,0.226,,-77.9182389937107,3.89480503144654,1.0,1.0,,,,
7715b7194cb0b2308630075510656066,G,定点,停车场,移动,,0.226,,-75.1487341772152,12.3161772151899,1.0,1.0,,,,
7715b7194cb0b2308630075510656066,G,定点,停车场,电信,,0.226,,-110.677551020408,-5.57068979591837,0.106122448979592,0.187755102040816,,,,
7715b7194cb0b2308630075510656066,G,定点,停车场,移动,,0.226,,-64.5723270440252,14.4582232704403,1.0,1.0,,,,
7715b7194cb0b2308630075510656066,G,定点,咖啡厅,移动,,0.226,,-81.0162337662338,13.2776720779221,0.99025974025974,0.99025974025974,,,,
7715b7194cb0b2308630075510656066,G,定点,咖啡厅,电信,,0.226,,,,,,,,,
7715b7194cb0b2308630075510656066,G,定点,咖啡厅,移动,,0.226,,-83.3904109589041,11.8742260273973,0.979452054794521,0.979452054794521,,,,
7715b7194cb0b2308630075510656066,G,定点,补给站,移动,,0.226,,-89.2264150943396,11.7230251572327,1.0,1.0,,,,
7715b7194cb0b2308630075510656066,G,定点,补给站,电信,,0.226,,,,,,,,,
7715b7194cb0b2308630075510656066,G,定点,补给站,移动,,0.226,,-48.5094339622642,15.8141163522013,1.0,1.0,,,,
